open,high,low,close,volume
13568.2,16645.53,13054.33,16594.99,370552919.46
16594.99,17200.06,14015.95,15879.91,514256440.87
15880.52,16267.98,12538.26,14655.87,394179565.48
14656.26,15715.77,12370.99,14901.63,473437025.58
14901.63,17468.88,14901.63,16567.85,394879763.28
16567.85,16975.67,15876.9,16349.27,314649465.86
16349.27,16543.76,14673.57,16018.67,348249149.74
16018.67,16448.15,15455.21,16298.99,292008530.31
16334.69,17989.8,16298.41,17516.81,291413792.03
17539.82,19535.16,17191.89,19105.33,192656763.56
19105.33,19798.26,18515.07,18898.62,354821156.8
18898.62,19297.78,17039.97,18854.95,373178600.61
18856.17,18949.85,16317.31,17281.25,442811196.49
17296.3,17719.24,14796.24,16468.16,441374541.87
16489.7,17309.35,14030.93,15456.32,515182505.81
15492.47,15699.07,10962.31,13337.46,786781763.64
13337.46,14949.95,12983.51,13312.27,416929495.73
13312.27,13820.56,11644.41,13500.06,592678377.86
13500.06,14299.05,12710.82,13699.38,370908716.25
13699.38,16049.3,13533.35,15697.34,406601212.77
15697.34,16496.6,14205.71,15447.91,421241579.47
15460.84,15540.05,13152.96,14180.08,494812970.03
14180.08,14980.8,13850.96,14379.06,403723075.34
14379.06,14397.52,11751.3,12340.25,447454363.42
12340.25,14049.63,12150.34,13740.81,313887395.28
13716.21,13817.41,12750.96,13400.89,262759878.54
13379.7,15467.61,12893.23,14680.72,461294889.14
14676.91,15307.26,14153.14,14913.26,427661581.57
14913.26,15279.71,13921.46,15079.74,423258821.37
15079.81,17172.92,14601.21,16980.57,603535142.47
16980.57,17136.93,16012.75,17085.79,441934425.15
17065.58,17096.91,15613.65,16150.91,336583348.61
16218.66,16320.63,12833.68,14903.5,547647681.27
14903.5,15498.5,14014.85,14390.57,347998867.64
14390.57,14952.57,13136.69,14880.17,402004279.49
14880.17,14966.01,11415.78,13224.4,630528396.61
13224.4,14107.78,12503.46,13736.91,376392305.57
13736.91,14576.06,13707.48,14209.34,317868151.11
14209.06,14337.78,12573.98,13476.21,380507990.3
13479.07,14246.44,13150.62,13471.49,342457726.72
13471.77,13542.64,9036.24,10902.12,912557825.64
10902.12,11679.15,9033.42,11000.06,905925080.29
11000.06,11877.52,10436.42,10961.47,790243672.87
10961.42,11774.59,10362.51,11470.93,548062092.38
11473.64,13097.26,11412.22,12766.66,593455245.46
12766.66,12801.62,10965.3,11525.57,739844504.82
11525.57,11925.74,9899.38,10757.77,700470798.6
10757.77,11396.8,9906.12,10806.03,627856770.93
10798.98,11569.44,10500.85,11367.45,498438129.85
11342.88,11792.09,10950.88,11175.41,451398115.92
11175.41,11640.81,10312.19,11089.55,580811850.25
11089.55,11649.07,10844.21,11497.93,410136269.87
11497.9,12241.75,11408.78,11880.07,407840443.33
11880.08,11974.97,11140.73,11251.13,337344841.46
11251.13,11308.34,9901.36,10232.35,469080252.36
10237.48,10425.67,9701.93,10296.6,379006352.04
10284.74,10334.71,8752.17,9231.73,567180577.31
9231.73,9250.31,8010.08,8870.38,685998715.21
8872.8,9476.81,8230.83,9200.08,471460654.34
9200.08,9365.54,7931.39,8187.01,450066055.13
8187.02,8382.15,6625.05,6916.23,710944675.14
6916.35,7877.32,6000.29,7668.33,972601851.9
7668.33,8475.27,7150.7,7594.18,767130476.52
7598.09,8676.29,7525.7,8271.02,240718641.28
8264.99,8715.89,7769.51,8688.06,401720711.85
8684.82,9046.82,8140.75,8539.67,664728171.21
8533.79,8545.0,7780.72,8065.06,639058647.69
8060.49,8975.87,8058.14,8895.18,658176152.96
8896.63,8933.43,8359.05,8536.83,552551488.87
8536.19,9488.36,8532.56,9454.6,643451126.78
9448.82,10201.68,9310.41,10029.51,826255719.59
10019.6,10296.23,9668.53,10163.05,671861567.36
10164.68,11070.01,10054.89,11040.0,787911060.17
11044.27,11261.87,10092.79,10380.06,989847190.29
10387.04,11244.05,10289.13,11153.48,747394519.66
11148.44,11778.68,11111.6,11206.87,917435468.75
11208.9,11287.02,10216.39,10447.21,1098300404.6
10446.59,10925.72,9694.05,9813.11,1009091688.92
9816.56,10421.09,9575.5,10155.82,907465184.15
10143.79,10487.4,9362.41,9685.92,735881110.16
9685.71,9837.78,9286.91,9560.83,566744718.87
9567.62,10435.02,9363.3,10314.29,669215735.69
10314.41,10865.83,10130.88,10596.63,696004328.12
10574.42,11075.74,10298.01,10333.62,713310359.47
10329.18,11056.57,10242.76,10919.74,657059548.09
10919.75,11192.02,10772.66,11022.33,651994004.16
11025.71,11525.65,11019.88,11462.08,670377208.28
11456.41,11555.58,11071.53,11525.59,619123170.38
11520.02,11692.25,11427.31,11498.27,580929761.79
11498.27,11498.27,10568.64,10717.77,757885450.0
10719.17,10891.69,9442.72,9878.68,920596603.43
9888.96,10094.61,9093.7,9283.11,749182648.53
9283.18,9402.31,8343.25,9227.51,902760977.65
9226.58,9479.11,8691.36,8769.42,747874064.32
8772.42,9712.39,8454.08,9516.68,773323593.13
9518.7,9877.08,8791.66,9129.42,700148093.57
9129.45,9464.92,8843.69,9140.63,632453920.43
9147.12,9328.29,7928.5,8185.12,699984595.27
8184.66,8419.81,7661.31,8243.52,690705982.03
8243.43,8592.86,7915.65,8293.26,593958677.35
8279.01,8333.97,7734.03,7852.73,524896896.19
7847.8,8276.15,7325.29,8185.36,754529665.42
8184.23,8687.14,8098.83,8605.83,783747456.21
8606.08,9025.0,8299.26,8900.25,721404910.5
8899.86,9166.56,8757.14,8891.06,667191372.44
8889.15,9096.24,8477.35,8720.95,625438516.54
8722.0,8907.32,8280.96,8900.6,588247060.66
8899.57,8993.71,8500.14,8536.09,512749209.67
8539.3,8657.85,8368.35,8462.25,432987663.76
8464.7,8505.58,7846.01,8129.52,620881326.54
8131.25,8211.53,7740.68,7787.87,555002358.78
7789.46,8100.99,7740.8,7945.83,462010035.12
7946.4,7973.49,6958.03,7126.12,700629706.96
7126.39,7288.61,6607.47,6844.22,776610655.81
6845.11,7211.2,6784.77,6925.58,535287460.44
6926.46,7039.24,6441.34,6815.19,552257357.23
6812.28,8190.82,6771.06,7056.48,468715832.39
7057.52,7508.89,7014.16,7410.08,521203813.41
7408.24,7418.96,6713.28,6795.95,523865797.96
6797.47,6896.51,6575.99,6764.63,473284850.15
6766.22,6844.13,6504.49,6602.73,350096118.89
6604.32,7062.02,6591.75,6892.84,400763626.44
6892.8,7103.87,6885.81,7013.07,299994212.11
7017.32,7180.85,6617.9,6776.08,435249092.53
6777.81,6882.09,6660.99,6835.72,300612333.59
6837.92,6980.48,6792.86,6949.44,318141782.91
6953.29,7981.79,6757.7,7921.28,703985479.24
7921.29,8223.9,7740.99,7869.97,717062284.67
7875.93,8178.44,7816.83,7997.6,472891266.06
7997.58,8412.89,7994.58,8352.71,430738400.61
8350.87,8406.34,7884.27,8062.37,519887896.35
8063.14,8164.0,7834.23,7887.29,456034174.55
7888.31,8224.8,7873.21,8169.46,412236388.83
8169.7,8292.54,8101.06,8273.73,432087265.06
8276.04,8919.35,8194.88,8857.38,577473100.58
8856.17,9030.15,8589.62,8915.7,597119511.77
8915.29,9018.71,8738.62,8792.24,487833879.07
8794.29,8981.29,8761.81,8942.41,452623880.34
8942.36,9729.68,8921.81,9636.35,702960797.14
9631.27,9751.1,8755.2,8867.3,1025900143.25
8870.21,9300.21,8659.8,9287.03,678065063.97
9275.72,9381.84,8901.25,8925.05,615236653.23
8922.73,9427.46,8875.03,9350.98,569210474.47
9350.05,9573.23,9170.17,9415.64,593685222.16
9417.11,9462.61,9128.2,9244.86,536130936.24
9246.96,9246.96,8822.64,9073.81,565279945.87
9073.2,9272.63,8213.71,9250.18,486415829.86
9250.31,9826.42,9168.63,9752.34,720254380.66
9751.91,9825.86,9540.36,9706.57,619167602.45
9713.03,9998.41,9689.74,9861.52,668359671.46
9871.54,9976.62,9437.89,9662.98,660802930.05
9661.61,9686.26,9196.59,9374.04,658930002.37
9370.67,9471.05,9072.26,9186.52,548067734.61
9188.32,9383.49,8975.6,9313.91,545192773.63
9316.24,9390.85,8993.3,9017.65,575474102.97
9016.17,9017.87,8345.45,8393.33,759345760.53
8394.2,8639.31,8141.52,8459.31,658449337.02
8459.31,8753.32,8303.78,8680.42,524822294.3
8679.01,8871.74,8290.82,8662.45,635971961.68
8662.63,8843.33,8420.08,8468.66,545197297.23
8467.96,8483.98,8090.82,8337.76,534267140.18
8334.71,8453.71,7998.08,8048.79,482823336.46
8048.79,8273.89,7917.61,8236.33,470207202.99
8236.13,8384.04,8127.54,8246.83,377683477.03
8243.56,8584.56,8168.33,8526.7,410957922.84
8526.94,8569.47,8316.01,8379.31,421239566.21
8379.79,8398.56,7406.26,7978.16,454244069.58
7978.17,8028.7,7432.93,7499.67,609946911.07
7498.12,7720.26,7272.7,7578.3,548264563.89
7578.3,7645.62,7328.61,7454.69,425379581.62
7458.38,7609.01,7306.93,7336.66,334540459.2
7336.68,7389.42,7229.72,7345.86,326314686.79
7346.02,7430.72,7067.6,7099.38,411364949.35
7101.26,7526.28,7042.54,7457.36,501548504.88
7459.58,7560.74,7276.51,7385.67,431494915.3
7381.39,7616.1,7333.07,7489.52,445375205.31
7488.57,7601.15,7357.1,7518.85,413512666.51
7518.09,7692.19,7455.41,7638.26,372054543.52
7638.26,7773.52,7602.02,7717.4,420472384.72
7718.55,7753.88,7450.05,7487.58,466647908.9
7487.27,7670.06,7364.53,7623.42,452166461.03
7622.99,7692.46,7485.37,7658.2,430245977.04
7658.21,7754.48,7636.07,7688.05,351602384.69
7689.46,7703.0,7540.3,7611.35,362879121.25
7611.04,7682.92,7464.48,7493.13,348877642.63
7493.14,7493.14,6633.82,6763.99,617315076.81
6763.99,6910.86,6629.25,6877.12,538458863.75
6877.13,6884.91,6464.75,6551.15,536739933.4
6551.15,6615.12,6146.75,6299.49,599384700.04
6299.54,6709.89,6268.74,6640.97,594577733.66
6641.87,6652.79,6375.89,6396.92,474006092.55
6396.92,6552.01,6341.23,6492.65,359187440.79
6492.65,6585.89,6436.41,6447.24,351251811.83
6451.07,6798.16,6395.86,6717.17,429780431.77
6716.93,6836.81,6672.97,6748.1,412974190.91
6746.56,6809.87,6562.22,6767.92,432155109.06
6768.01,6800.65,6686.72,6723.93,397263887.31
6723.92,6737.07,5945.79,6059.34,606828596.55
6059.34,6267.07,6023.69,6166.17,389725537.54
6165.99,6256.71,5774.89,6152.3,536652365.74
6152.6,6341.96,6098.64,6252.05,543659290.45
6252.05,6266.45,6052.25,6077.27,415715801.47
6074.17,6185.48,6011.26,6144.88,377297871.91
6144.47,6172.01,5846.16,5871.46,506232038.59
5870.57,6294.48,5811.92,6212.93,592464895.92
6212.87,6513.31,6203.62,6403.62,651922178.1
6403.97,6447.3,6275.27,6370.05,1053207251.94
6369.44,6685.01,6293.4,6621.67,754037542.45
6621.66,6681.38,6476.71,6517.41,784745291.43
6518.12,6782.82,6436.4,6603.48,626469581.14
6603.48,6693.15,6473.19,6543.56,1033798108.55
6543.56,6648.6,6455.7,6622.85,1255927022.43
6625.46,6818.05,6536.23,6775.9,1202022254.93
6775.86,6792.51,6695.64,6722.7,1191613186.14
6723.05,6814.44,6645.15,6675.46,2245419888.28
6678.21,6699.54,6303.91,6321.52,1774665052.39
6321.59,6420.16,6307.19,6398.1,1686814434.87
6397.9,6398.72,6087.76,6244.79,1724816701.43
6245.37,6336.65,6131.55,6219.27,1611617775.81
6219.16,6319.62,6183.94,6251.72,1893991070.44
6251.14,6393.27,6231.77,6354.71,1204138214.11
6353.73,6744.44,6335.5,6726.14,1467954570.29
6724.14,7447.38,6656.8,7314.35,1785222214.97
7315.3,7573.57,7238.72,7379.17,1835520400.49
7379.33,7559.8,7277.45,7474.16,1519206075.04
7474.09,7686.19,7289.27,7339.26,1367858618.62
7339.26,7456.66,7219.9,7403.93,1171092351.79
7403.93,7575.68,7346.91,7403.38,1710767407.03
7403.38,7803.43,7383.53,7717.27,1635212323.22
7717.3,8478.08,7697.49,8414.79,1591214379.16
8407.81,8484.14,8057.53,8173.44,1504636411.95
8174.06,8308.08,7858.24,7935.07,1370274757.7
7935.16,8277.0,7807.13,8188.37,1278432199.69
8188.27,8234.15,8070.69,8212.75,1235119099.61
8213.07,8287.7,8124.56,8220.45,1145896723.72
8220.45,8264.58,7870.92,8181.84,1330748756.12
8181.86,8209.52,7644.22,7730.27,1603479876.81
7729.94,7749.06,7447.63,7607.82,1325349080.57
7608.1,7694.62,7470.94,7530.36,1297844668.96
7530.2,7531.02,7288.87,7414.32,1220493621.72
7414.27,7490.53,6944.48,7011.55,1069617740.82
7011.55,7083.73,6894.65,7027.85,1054820294.41
7027.43,7145.89,6849.77,6936.5,971213921.88
6936.5,7143.98,6678.8,6723.77,1442468345.52
6723.77,6724.35,6142.53,6280.41,1336767922.46
6279.79,6615.03,6191.12,6528.37,1411260092.8
6528.63,6567.79,6042.78,6144.34,1714444856.68
6144.51,6454.44,6000.86,6229.22,1372448335.13
6228.9,6434.45,6157.25,6309.14,1108206895.31
6309.14,6515.62,6161.05,6251.86,1167641820.51
6251.86,6253.07,5890.82,6184.92,1280735398.95
6184.92,6590.06,6180.3,6267.67,1266597372.25
6266.37,6468.81,6218.74,6311.39,1041076561.78
6311.34,6578.95,6291.44,6578.95,1182990250.95
6578.99,6612.82,6301.93,6387.97,1069240934.96
6388.05,6534.0,6308.18,6475.68,888391802.68
6476.73,6523.53,6235.57,6258.94,884674413.76
6258.94,6493.06,6244.16,6473.98,839041025.56
6473.98,6857.67,6264.13,6352.51,1184259573.86
6352.52,6547.42,6346.54,6522.64,886971890.22
6522.64,6714.06,6472.77,6685.44,1088882820.37
6683.02,6784.78,6659.01,6735.13,707962499.33
6735.13,6771.94,6574.48,6702.7,818146787.73
6702.7,6916.55,6655.5,6898.11,876280398.81
6898.11,7125.6,6866.91,7076.96,1058557369.73
7076.96,7125.76,6937.4,7033.47,1142261820.78
7032.55,7065.88,6806.14,6978.88,1197980322.69
6978.88,7085.3,6894.85,7014.81,1129403028.25
7014.81,7263.9,7013.73,7202.39,1118539457.0
7202.34,7329.57,7130.58,7296.82,1084724340.4
7296.8,7332.92,7197.24,7268.14,1057403250.7
7268.16,7409.41,7241.03,7360.12,995492703.69
7359.68,7392.13,6692.81,6711.02,1175714546.87
6711.02,6740.82,6322.96,6519.27,1136942262.01
6519.52,6538.18,6317.16,6394.82,1024023981.13
6395.87,6472.92,6128.43,6183.16,926854675.6
6183.16,6425.03,6150.54,6251.47,926492309.98
6252.78,6349.66,6242.05,6310.62,869919406.15
6310.62,6379.45,6198.21,6291.69,836254021.06
6291.14,6351.29,6206.89,6336.11,812574452.08
6337.33,6524.69,6336.03,6487.26,949891759.01
6486.27,6577.65,6405.06,6486.27,787015570.03
6486.27,6563.88,6474.14,6519.49,647650590.64
6519.46,6520.97,6385.95,6500.68,644924832.89
6500.62,6532.28,6213.55,6252.27,731858073.45
6252.26,6385.92,6231.41,6339.44,717270452.57
6339.44,6489.79,6135.15,6390.68,733280259.12
6390.88,6532.17,6353.36,6493.27,651279353.73
6493.32,6775.55,6493.01,6761.15,946183603.09
6761.15,6830.01,6639.43,6721.75,735682023.68
6721.74,6783.31,6667.16,6708.22,786530807.88
6708.25,6727.37,6562.27,6584.03,823728982.91
6584.12,6585.5,6339.36,6441.75,851181620.17
6441.75,6551.65,6384.92,6464.95,693724738.87
6464.95,6728.5,6436.81,6690.06,692605877.3
6690.06,6797.67,6554.32,6638.59,804706326.99
6638.63,6638.63,6476.47,6599.69,662323566.19
6598.55,6655.81,6544.38,6626.05,690035519.43
6626.23,6662.76,6524.21,6608.27,589657744.06
6608.15,6627.77,6500.43,6534.9,691122599.57
6533.31,6547.82,6438.28,6507.05,695574452.24
6507.05,6635.61,6503.1,6590.94,603059438.9
6591.06,6669.29,6552.58,6635.17,618318950.86
6635.17,6645.73,6569.48,6595.82,564193851.98
6595.85,6635.76,6539.28,6610.78,577411154.29
6610.85,6703.6,6590.11,6670.65,784715721.99
6671.03,6680.2,6614.94,6655.27,561181741.4
6655.36,6656.7,6536.58,6629.62,608859960.55
6629.62,6629.85,6217.24,6254.04,1080056501.09
6256.29,6356.58,6218.08,6298.17,913316571.99
6298.2,6337.21,6290.33,6332.0,740300159.93
6332.23,6405.37,6318.28,6340.8,730324384.14
6338.79,7536.65,6308.38,6751.54,1561350153.27
6751.67,6890.54,6680.38,6766.05,898432418.09
6764.93,6801.08,6679.8,6737.64,977187629.61
6737.64,6782.06,6569.52,6616.28,784922654.49
6616.73,6642.65,6527.32,6528.89,724958367.74
6528.45,6610.2,6507.17,6587.35,675414986.87
6587.43,6655.41,6582.01,6592.45,704259766.46
6592.18,6634.96,6550.01,6580.23,786345201.24
6580.03,6593.33,6525.02,6553.65,733894544.1
6553.65,6730.75,5931.21,6565.21,641127492.89
6565.3,6573.98,6510.11,6532.34,749497118.61
6532.39,6590.34,6518.56,6538.75,719990225.99
6539.01,6554.86,6481.3,6505.6,609580238.88
6505.59,6512.39,6466.28,6487.89,613478785.64
6487.57,6501.12,6318.54,6346.53,769455994.95
6346.42,6385.03,6320.55,6331.56,891263731.18
6331.42,6417.48,6251.71,6371.16,792465737.06
6371.2,6429.73,6354.79,6407.81,799035286.09
6407.87,6452.34,6395.51,6431.21,845721163.53
6431.09,6435.44,6347.36,6387.9,729505928.8
6387.83,6515.41,6359.34,6484.0,793630556.65
6484.27,6496.19,6437.99,6467.42,867096510.93
6467.04,6521.98,6447.09,6511.68,956497316.84
6511.73,6607.74,6510.21,6578.44,1105828480.43
6578.41,6590.1,6475.32,6481.65,1019648412.66
6481.39,6508.99,6394.13,6419.37,943451397.37
6419.45,6469.57,6416.88,6432.65,818521618.52
6432.65,6461.1,6361.54,6455.07,856326958.47
6455.22,6483.27,6423.33,6451.9,814100276.16
6451.9,6497.26,6400.36,6461.31,853209564.67
6461.31,6479.93,5680.85,5916.21,1623315890.03
5916.12,5936.25,5421.41,5750.29,1546968216.36
5749.87,5771.17,5554.52,5649.59,1141200147.79
5649.73,5654.47,5569.67,5630.26,934417011.37
5630.61,5732.04,5620.34,5663.87,930602882.46
5663.87,5665.05,4871.01,4927.73,1669640357.27
4926.22,5045.18,4338.77,4572.3,2018289709.72
4572.35,4781.24,4423.64,4663.44,1402567969.17
4663.9,4718.02,4353.51,4368.43,970644356.59
4368.5,4479.59,4238.57,4421.16,1166847248.45
4420.58,4522.22,3850.48,3945.62,1213819143.38
3945.41,4223.76,3672.98,4092.14,1702972311.34
4092.16,4199.9,3705.46,3863.35,1540491984.0
3863.87,3938.55,3697.23,3878.0,1393738250.79
3878.27,4388.99,3878.24,4265.19,1681465082.31
4265.18,4443.21,4133.67,4297.02,1522968070.57
4297.02,4338.08,3950.07,4046.14,1565433372.19
4046.07,4298.97,3968.69,4197.98,1267399436.79
4198.03,4314.09,4109.6,4166.34,1230041017.74
4165.66,4179.14,3851.73,3905.45,1224150532.32
3905.45,4085.31,3819.26,3963.78,1104326906.92
3963.78,3978.23,3776.12,3781.66,1197706323.93
3781.66,3891.1,3508.83,3512.48,1340841128.53
3512.48,3537.57,3249.93,3421.55,1647659040.64
3421.55,3509.13,3304.47,3441.13,1319250196.27
3441.13,3671.26,3423.54,3565.5,1051881961.2
3565.5,3620.6,3406.12,3459.03,1190167810.84
3459.03,3483.93,3352.28,3400.67,1051010050.57
3400.67,3510.86,3381.19,3467.89,980539391.57
3467.89,3475.07,3283.44,3312.61,1018949329.43
3312.61,3338.33,3195.25,3243.71,1024257473.3
3243.71,3283.25,3176.44,3224.01,768757923.91
3224.01,3300.8,3220.57,3246.46,826198557.52
3246.46,3590.9,3242.51,3523.54,1089403885.93
3523.54,3690.9,3449.57,3669.99,1116117525.69
3669.99,3922.77,3643.83,3671.26,1294520354.93
3671.26,4130.82,3648.85,4065.5,1722685897.44
4065.5,4150.29,3776.33,3843.57,1198576500.11
3843.57,3971.93,3792.49,3951.79,824376730.37
3951.79,4024.98,3890.61,3939.36,969910688.73
3939.36,4202.6,3938.85,4017.38,1192236190.41
4017.38,4022.17,3660.98,3749.66,1049868938.55
3749.66,3834.97,3666.91,3785.19,843919805.62
3785.19,3816.06,3546.49,3574.79,827711933.02
3574.79,3881.2,3549.75,3842.29,892054366.83
3842.29,3882.88,3681.48,3692.16,822357120.99
3692.16,3824.23,3668.34,3802.31,769421327.59
3802.31,3806.06,3650.4,3701.45,731925771.55
3701.45,3802.7,3648.7,3797.48,626488118.32
3797.48,3883.4,3756.09,3860.63,884369398.01
3860.63,3863.07,3735.22,3766.14,603479615.67
3766.14,3820.4,3706.77,3792.34,750884554.53
3792.34,3837.14,3756.14,3773.52,694190993.86
3773.52,4021.86,3748.86,3990.2,741768994.41
3990.2,4014.99,3931.3,3977.32,788966484.5
3977.32,4057.2,3932.2,3956.8,788984816.9
3956.8,4002.04,3944.61,3965.31,775442280.52
3965.31,3994.13,3546.43,3587.51,1041527495.82
3587.51,3647.16,3544.15,3605.68,810485278.55
3605.68,3619.41,3549.58,3586.24,606846452.02
3586.24,3606.1,3455.28,3476.91,554479519.84
3476.91,3660.54,3469.96,3626.8,808663605.22
3626.8,3647.18,3530.44,3556.01,804303186.61
3556.01,3632.98,3547.28,3588.48,704815940.55
3588.48,3629.82,3539.81,3616.35,739053872.3
3616.35,3618.6,3571.18,3596.27,665333281.27
3596.27,3709.18,3595.97,3669.94,599119203.23
3669.94,3691.77,3487.09,3536.22,596404677.95
3536.22,3551.99,3497.08,3527.63,515411667.1
3527.63,3600.86,3448.75,3571.19,586304893.43
3571.19,3600.46,3521.47,3552.17,657382899.04
3552.17,3583.72,3530.65,3569.46,610814713.91
3569.46,3578.57,3530.8,3567.22,599059121.03
3567.22,3647.11,3550.98,3565.81,585552309.38
3565.81,3577.99,3501.63,3551.31,655556713.72
3551.31,3556.58,3387.83,3434.67,843424751.76
3434.67,3442.59,3359.69,3411.88,646576337.26
3411.88,3475.76,3389.79,3458.24,682975564.54
3458.24,3485.61,3421.81,3430.48,584613818.81
3430.48,3483.44,3406.07,3462.87,578695529.62
3462.87,3515.28,3441.4,3502.25,499763641.5
3502.25,3508.94,3429.07,3458.46,561381681.36
3458.46,3481.77,3435.29,3463.54,602042507.54
3463.54,3478.54,3449.37,3468.99,533671823.91
3468.99,3479.89,3388.07,3406.7,631739819.98
3406.7,3424.8,3392.38,3397.48,482216636.38
3397.48,3719.65,3381.55,3656.23,899123545.34
3656.23,3675.38,3632.27,3662.72,630095550.35
3662.72,3680.85,3613.38,3676.27,655163594.99
3676.27,3681.82,3617.37,3629.3,692483492.83
3629.3,3659.96,3590.08,3629.02,687234967.2
3629.02,3662.82,3594.81,3610.14,720004305.36
3610.14,3625.73,3578.83,3591.22,615009293.31
3591.22,3653.08,3578.53,3610.8,773411342.57
3610.8,3645.18,3599.86,3618.93,668561836.09
3618.93,3690.71,3607.31,3667.93,828167394.59
3667.93,3912.35,3659.66,3896.9,1223547097.46
3896.9,3992.98,3863.73,3912.42,1280652642.37
3912.42,3982.8,3878.9,3973.0,1093273504.44
3973.0,4007.6,3907.01,3937.63,995450449.1
3937.63,3984.77,3931.65,3965.16,911620579.64
3965.16,4155.65,3935.28,4118.76,1168571293.54
4118.76,4194.06,3722.4,3746.63,1426308030.63
3746.63,3869.53,3744.47,3828.38,1098211156.92
3828.38,3839.74,3787.97,3809.97,888292730.53
3809.97,3833.2,3710.56,3816.98,1024175479.64
3816.98,3873.17,3794.67,3814.34,1074514630.3
3814.34,3855.79,3813.49,3823.3,773192359.16
3823.3,3839.81,3784.32,3820.86,837450878.96
3820.86,3834.39,3787.47,3806.72,982739277.74
3806.72,3827.73,3676.15,3717.3,1379614473.5
3717.3,3874.88,3706.59,3857.01,1531374424.99
3857.01,3888.23,3819.18,3862.11,1197399866.59
3862.11,3903.46,3845.73,3873.87,1273963498.6
3873.87,3927.62,3818.12,3866.02,1399654315.93
3866.02,3966.3,3858.1,3942.32,1332077907.85
3942.32,3942.4,3890.12,3917.23,1159258455.15
3917.23,3933.82,3842.84,3870.45,1298546687.51
3870.45,3900.29,3816.82,3882.31,1148314774.47
3882.31,3890.94,3846.4,3866.26,1030714997.3
3866.26,3912.87,3822.33,3876.74,1020429457.38
3876.74,3933.75,3876.7,3924.47,1218664206.81
3924.47,4052.46,3923.19,4006.16,1204589386.6
4006.16,4006.92,3955.5,3982.66,867847017.61
3982.66,4032.99,3957.2,3987.93,1100757799.54
3987.93,4028.7,3971.44,4016.06,1103158602.69
4016.06,4045.35,3985.79,4041.86,1239590016.59
4041.86,4061.53,3919.43,3981.8,1456369286.52
3981.8,4004.19,3969.92,3989.6,1024195974.93
3989.6,4018.2,3979.9,4005.29,1086742893.34
4005.29,4005.3,3964.64,3991.18,995217812.59
3991.18,3998.46,3894.92,3935.91,1299842993.95
3935.91,3950.33,3898.66,3946.37,1070102378.12
3946.37,4046.49,3936.54,4039.38,1128789370.19
4039.38,4039.38,4006.39,4026.89,914587886.59
4026.89,4122.16,4024.69,4103.14,1129659258.22
4103.14,4139.37,4058.18,4107.32,954354680.76
4107.32,4117.13,4084.37,4103.92,892235652.27
4103.92,4156.41,4076.7,4144.18,1186833049.25
4144.18,4886.97,4141.33,4857.19,2370238440.35
4857.19,5269.03,4811.9,4943.01,3002622367.27
4943.01,5032.69,4784.85,4896.82,2418470482.74
4896.82,5024.87,4884.13,5003.79,1835495836.07
5003.79,5196.14,4940.8,5043.46,1791181492.87
5043.46,5213.44,5031.41,5170.11,1977033384.94
5170.11,5296.72,5049.15,5237.91,2145477257.78
5237.91,5238.73,5082.49,5151.96,1669473515.75
5151.96,5395.25,5137.91,5305.0,1812858421.91
5305.0,5330.31,4932.29,5017.08,1820113868.46
5017.08,5074.59,4884.87,5049.01,1507616578.75
5049.01,5089.62,5006.7,5047.32,1124652448.3
5047.32,5149.54,5005.11,5130.97,1108990191.23
5130.97,5166.13,4961.82,5029.59,1450667040.21
5029.59,5194.78,5008.2,5175.82,1277782178.88
5175.82,5223.17,5155.37,5202.35,1732647494.46
5202.35,5285.63,5199.85,5258.91,1451997787.07
5258.91,5309.21,5183.14,5257.75,1397929212.98
5257.75,5329.03,5236.89,5291.88,1418312293.41
5291.88,5311.68,5176.15,5259.59,1651110819.46
5259.59,5394.08,5102.8,5356.85,1819094535.11
5356.85,5585.57,5336.19,5496.21,1938058672.67
5496.21,5579.29,5344.69,5414.23,2120376435.09
5414.23,5485.46,5139.7,5217.93,2047058842.93
5217.93,5501.45,5166.34,5314.46,2302447131.92
5314.46,5339.13,5259.78,5291.15,1539764943.61
5294.14,5338.44,5267.8,5309.39,1577995697.48
5309.39,5330.36,5190.02,5236.3,1687710294.85
5236.3,5336.46,5194.24,5319.39,1492131710.71
5319.39,5396.23,5318.3,5385.86,1363370452.04
5385.86,5534.7,5369.83,5495.58,1656990908.69
5495.58,5840.95,5481.56,5769.8,2530626805.64
5769.8,5901.71,5603.33,5830.46,2253657730.86
5830.46,5837.47,5704.87,5774.03,1813913169.11
5774.03,5803.08,5627.16,5746.2,1726210974.98
5746.2,6019.77,5746.2,5846.4,2293412038.54
5846.4,6004.41,5795.0,5985.46,1868791631.04
5985.46,6202.66,5984.45,6186.96,2096647978.5
6186.96,6456.98,6152.12,6374.41,2377687806.26
6374.41,7368.54,6374.29,7188.75,3741001684.71
7188.75,7512.07,6778.68,6971.58,4206746511.64
6971.58,8090.0,6882.93,7803.07,3516692506.54
7803.07,8325.45,7663.45,7987.66,3999048346.77
7987.66,8245.01,7838.56,8170.68,3340162703.14
8170.68,8310.71,7725.72,7867.64,3616899970.41
7867.64,7919.27,6956.57,7358.05,4240120027.37
7358.05,7451.55,7196.47,7259.02,3039733527.42
7259.02,8275.36,7249.19,8157.69,3988133271.33
8157.69,8157.69,7578.03,7938.16,3414604744.24
7938.16,8034.85,7789.72,7907.3,2822018719.71
7907.3,8002.15,7529.14,7629.39,2666361153.42
7629.39,7938.92,7480.18,7846.99,2791505911.53
7846.99,8117.03,7770.24,7969.41,3018761363.37
7969.41,8084.69,7911.77,8027.34,2304579770.53
8027.34,8717.13,7858.7,8616.81,2810532080.9
8616.81,8899.46,8596.38,8758.87,3176160051.09
8758.87,8794.19,8555.63,8716.35,2465709908.73
8716.35,8750.24,8434.8,8643.57,2401877269.96
8643.57,9039.93,8073.85,8269.12,3139165464.41
8269.12,8579.06,8133.01,8556.85,2559424258.7
8556.85,8618.31,8450.76,8544.53,1878090379.07
8544.53,8809.79,8531.04,8723.19,1697479919.97
8723.19,8731.92,8136.34,8136.34,1987861111.43
8136.34,8136.34,7483.95,7687.58,2512338149.43
7687.58,7891.28,7585.71,7775.33,1997078858.33
7775.33,7859.59,7471.83,7783.32,1543415410.96
7783.32,8094.73,7741.52,7981.4,1618048723.34
7981.4,8040.79,7771.07,7895.54,897871774.81
7895.54,7933.7,7513.1,7631.36,1770624838.29
7631.36,8009.36,7515.45,7984.01,1882976060.93
7984.01,8004.55,7703.27,7882.57,1513448600.15
7882.57,8197.18,7798.0,8127.84,2116419526.46
8127.84,8305.65,8019.94,8217.97,2027126107.14
8217.97,8679.86,8150.25,8650.99,1966480815.77
8650.99,8848.5,8577.05,8808.18,1507445343.75
8808.18,9327.48,8763.41,8956.18,2763097829.68
8956.18,9431.45,8954.69,9310.91,2056390286.41
9310.91,9330.41,8959.86,9081.97,1881402272.41
9081.97,9296.71,9041.34,9252.84,1344851633.18
9252.84,9583.71,9181.25,9516.23,1794953478.73
9516.23,10165.7,9515.54,10160.05,2134905856.99
10160.05,11157.85,10042.45,10728.56,4271484640.98
10728.56,11382.7,10557.66,10906.23,2402770225.74
10906.23,11136.48,10623.16,11043.27,2317453986.31
11043.27,11845.42,11036.15,11815.95,3381495525.89
11815.95,13959.61,11756.89,13093.45,6773736557.3
13093.45,13427.13,10564.22,11323.5,6980745049.92
11323.5,12478.09,11009.17,12418.32,4426262609.69
12418.32,12432.25,11507.26,11881.73,3217583519.51
11881.73,12182.59,10787.07,10825.25,3636404182.7
10825.25,11268.8,10036.39,10625.48,3303763401.11
10625.48,10926.6,9741.49,10831.56,3955492466.12
10831.56,11972.32,10831.56,11938.94,3968482415.35
11938.94,11989.59,11093.1,11161.32,3220271726.84
11161.32,11382.89,10819.63,10974.09,3375784819.42
10974.09,11650.99,10969.4,11245.36,2966081581.07
11245.36,11512.45,11098.8,11413.16,2465715234.69
11413.16,12322.29,11278.72,12250.02,3157664620.04
12250.02,12756.91,12153.91,12536.97,3910653650.37
12536.97,13131.94,11607.05,12102.74,5755681378.6
12102.74,12107.98,11059.36,11338.17,4428995293.48
11338.17,11872.33,11103.25,11757.12,3410004173.19
11757.12,11795.25,10835.25,11366.95,3474129065.0
11366.95,11451.0,10117.21,10187.7,3978382846.21
10187.7,11072.89,9877.97,10838.61,3895515381.99
10838.61,11016.24,9370.43,9421.94,4435248031.68
9421.94,9943.0,9085.22,9668.21,3918922886.35
9668.21,10749.96,9290.94,10627.96,3856812023.2
10627.96,10739.37,10157.27,10505.44,3170126405.78
10505.44,11045.71,10381.01,10739.5,2875223998.89
10739.5,10809.19,10314.15,10587.55,2592428158.56
10587.55,10674.16,10117.52,10340.8,2372395663.46
10340.8,10342.4,9842.71,9863.04,2731227071.16
9863.04,9929.26,9562.38,9761.37,2658451489.66
9761.37,10172.47,9730.81,9877.66,2228850202.32
9877.66,9878.15,9648.53,9824.81,1992203220.47
9824.81,10165.32,9350.62,9481.86,2401448123.04
9481.86,9585.39,9201.5,9534.75,1813020160.77
9534.75,9707.08,9425.63,9508.78,2062028042.52
9508.78,9704.57,9406.77,9574.16,1981142027.91
9574.16,10094.59,9555.57,10078.35,2613018702.97
10078.35,10456.96,9882.64,10369.94,2465347528.01
10369.94,10658.84,10318.67,10518.77,2542314795.16
10518.77,10896.08,10502.96,10812.14,2228965318.47
10812.14,11015.81,10562.25,10929.87,2663954832.31
10929.87,11925.02,10929.87,11818.49,3835777634.13
11818.49,12288.3,11235.53,11482.17,3945576960.47
11482.17,12108.62,11401.77,11965.1,3809643653.71
11965.1,12052.02,11543.44,11999.02,3118415030.68
11999.02,12041.79,11695.12,11880.6,2982335227.34
11880.6,11975.36,11271.64,11307.69,2940052727.68
11307.69,11591.88,11153.15,11555.86,2167325539.2
11555.86,11566.56,11262.96,11392.42,2118033457.37
11392.42,11445.78,10795.86,10893.15,2791755125.28
10893.15,10896.43,9964.77,10048.64,3724257464.26
10048.64,10448.17,9535.11,10299.61,4422316754.18
10299.61,10529.45,9780.9,10331.68,3883434884.36
10331.68,10460.48,10011.48,10218.15,2333799914.76
10218.15,10498.93,10079.28,10308.65,1939799191.28
10308.65,10922.92,10260.74,10909.82,2666736860.96
10909.82,10944.79,10575.5,10750.28,2336160540.92
10750.28,10797.66,9908.73,10142.29,2894205702.5
10142.29,10226.53,9770.58,10101.7,2496723941.92
10101.7,10434.27,10029.7,10383.55,2141647508.25
10383.55,10412.52,9915.33,10130.99,2206320331.97
10130.99,10306.19,9931.24,10135.71,2082593752.59
10135.71,10575.46,10135.71,10370.55,2952493028.33
10370.55,10387.77,10055.63,10184.19,2134122718.23
10184.19,10265.62,9643.61,9728.31,2677731094.55
9728.31,9728.58,9339.63,9490.83,2416801390.78
9490.83,9676.6,9365.91,9582.81,1915661865.61
9582.81,9677.42,9449.92,9589.32,1279581997.87
9589.32,9804.1,9530.93,9729.01,1441930488.06
9729.01,10430.32,9718.77,10340.88,2462865456.99
10340.88,10756.98,10276.43,10607.38,2904542536.34
10607.38,10786.71,10379.91,10560.83,2681935727.44
10560.83,10632.7,10469.91,10563.34,2023803474.72
10563.34,10897.04,10219.03,10297.77,3173286104.88
10297.77,10550.88,10295.6,10456.12,2006702789.51
10456.12,10576.72,10284.66,10391.9,1632800347.85
10391.9,10468.07,10089.36,10303.88,2419611675.46
10303.88,10378.81,9971.99,10105.91,1780637598.12
10105.91,10235.84,9902.78,10155.89,1870975221.77
10155.89,10445.11,10044.33,10411.9,1834683025.85
10411.9,10437.08,10159.89,10341.16,1582334696.86
10341.16,10417.91,10247.06,10332.31,1398303569.66
10332.31,10359.21,10261.49,10302.35,1021622130.02
10302.35,10352.06,10094.28,10252.65,1458032880.54
10252.65,10267.39,10142.74,10187.31,1320966907.07
10187.31,10255.1,10108.29,10156.57,1251576097.05
10156.57,10283.71,9745.68,10244.62,2348282808.59
10244.62,10276.64,10090.9,10169.63,1595519279.14
10169.63,10174.35,9937.88,9986.8,1392920904.38
9986.8,10073.65,9859.4,10025.31,1498547679.01
10025.31,10043.13,9644.84,9697.93,1912228465.04
9697.93,9791.59,7902.08,8507.38,3245203118.9
8507.38,8722.95,8229.18,8430.31,2995515071.79
8430.31,8463.45,7782.02,8059.61,2768364482.78
8059.61,8252.31,7871.8,8176.99,2169917485.42
8176.99,8284.57,8012.43,8201.92,1704470932.15
8201.92,8222.88,7911.61,8041.65,1685590635.73
8041.65,8320.26,7738.22,8284.68,2295378588.29
8284.68,8494.07,8176.88,8294.87,2082693105.9
8294.87,8367.83,8155.74,8357.45,1439998838.7
8357.45,8387.98,8081.96,8222.47,1636470720.17
8222.47,8229.95,8026.63,8137.29,1389040720.79
8137.29,8178.64,8018.45,8125.12,1233098962.57
8125.12,8146.57,7811.47,7859.54,1480791188.02
7859.54,8292.22,7774.9,8187.82,2250931779.33
8187.82,8320.3,8110.1,8173.89,1730120326.22
8173.89,8655.78,8116.62,8562.4,2272491231.65
8562.4,8640.5,8431.02,8557.7,1896124409.3
8557.7,8751.88,8240.05,8260.66,2138034176.94
8260.66,8392.34,8253.15,8301.99,1219186425.53
8301.99,8449.39,8196.36,8278.31,1235034942.56
8278.31,8371.94,8214.81,8347.17,1722015313.15
8347.17,8395.03,8131.56,8162.5,1433665667.85
8162.5,8180.66,7927.55,7994.81,1625588417.08
7994.81,8119.32,7934.17,8068.2,1363620252.48
8068.2,8113.33,7840.58,7944.95,1535900128.19
7944.95,8061.61,7880.34,7949.42,1336036111.57
7949.42,8288.13,7879.61,8221.58,1658647222.95
8221.58,8308.46,8149.15,8205.71,1593601905.52
8205.71,8289.39,8007.42,8024.15,1881667103.33
8024.15,8048.08,7338.64,7469.61,2757074951.11
7469.61,7498.06,7347.26,7413.25,1785411888.0
7413.25,8732.3,7393.22,8655.31,3763306060.88
8655.31,10249.18,8640.45,9229.25,7385232585.84
9229.25,9769.2,9079.4,9526.95,5513356938.8
9526.95,9875.9,9202.25,9204.28,4348342769.86
9204.28,9532.01,9138.82,9407.9,3921996001.94
9407.9,9408.04,9012.91,9154.4,3279130388.72
9154.4,9370.42,8947.52,9141.98,3425407297.65
9141.98,9269.36,9040.67,9227.0,3039308332.42
9227.0,9362.25,9191.25,9290.23,2224043900.36
9290.23,9358.68,9076.28,9194.81,2086114772.06
9194.81,9497.36,9120.27,9392.53,2609376353.21
9392.53,9449.0,9185.68,9303.86,2527532964.87
9303.86,9429.54,9254.56,9338.55,2128165380.94
9338.55,9369.75,9117.81,9211.33,2021820258.86
9211.33,9257.98,8710.92,8777.64,2813510624.74
8777.64,8877.09,8731.76,8807.6,1699002646.4
8807.6,9095.05,8755.62,9036.83,1895239378.34
9036.83,9067.41,8633.1,8733.13,1928564666.71
8733.13,8854.06,8596.22,8814.54,1951455683.03
8814.54,8832.22,8714.74,8776.71,1771916397.58
8776.71,8796.29,8594.88,8647.2,1923502631.62
8647.2,8766.72,8423.83,8470.92,2460045275.13
8470.92,8529.03,8439.97,8488.58,1806942132.64
8488.58,8608.52,8397.18,8500.74,2060890302.08
8500.74,8502.19,8097.46,8187.87,2792702742.45
8187.87,8211.27,8022.53,8131.37,2469791247.56
8131.37,8210.88,8042.66,8097.58,2341682608.97
8097.58,8131.56,7517.79,7625.78,3447445590.31
7625.78,7693.46,6833.61,7267.54,5178130009.91
7267.54,7340.82,7082.64,7307.74,2601036167.99
7307.74,7327.91,6873.51,6903.46,3290733196.12
6903.46,7359.15,6520.33,7111.6,4405415596.0
7111.6,7332.55,7030.33,7154.68,3027672515.91
7154.68,7639.4,6854.88,7504.36,3584732582.8
7504.36,7630.65,7367.37,7418.35,2818499813.43
7418.35,7833.15,7399.05,7739.85,2936773090.73
7739.85,7791.95,7463.31,7543.45,2646931771.74
7543.45,7543.45,7237.28,7393.83,3001319870.58
7393.83,7418.46,7173.61,7295.83,2442675879.63
7295.83,7389.15,7242.84,7291.66,1879399893.21
7291.66,7664.11,7097.66,7190.87,3258424471.75
7190.87,7471.78,7170.38,7388.03,2763050632.99
7388.03,7543.64,7310.46,7528.61,2454268845.01
7528.61,7594.23,7474.26,7488.41,1839309543.15
7488.41,7556.09,7396.66,7509.41,1438376891.81
7509.41,7617.14,7294.44,7342.09,1998231164.96
7342.09,7394.01,7168.43,7224.3,1936674851.77
7224.3,7270.06,7145.37,7208.3,1430401378.13
7208.3,7279.47,7099.8,7197.15,1753366574.16
7197.15,7295.96,7194.78,7256.73,1355633928.99
7256.73,7268.4,7015.94,7065.72,1328170225.91
7065.72,7185.67,7012.57,7117.86,1196250906.49
7117.86,7146.4,6845.04,6893.49,1773631999.39
6893.49,6937.37,6572.25,6622.83,1742293151.65
6622.83,7369.11,6442.67,7275.25,2525012307.25
7275.25,7350.7,7048.21,7149.54,1966181139.54
7149.54,7210.53,7082.88,7185.21,1345727252.13
7185.21,7186.9,7114.59,7134.78,931741595.51
7134.78,7502.98,7123.41,7498.3,1857704784.93
7498.3,7681.87,7269.14,7317.85,2489772847.55
7317.85,7427.12,7163.21,7256.36,1982572521.16
7256.36,7268.34,7130.65,7202.17,1245267025.71
7202.17,7426.9,7159.46,7202.87,1827141120.47
7202.87,7267.39,7100.63,7253.38,1537273785.06
7253.38,7358.99,7240.45,7313.68,1399425777.38
7313.68,7524.61,7287.71,7391.08,1283883218.41
7391.08,7405.17,7225.19,7245.99,1042827498.08
7245.99,7317.2,7146.37,7193.28,1230929490.04
7193.28,7250.87,7174.49,7199.78,837776179.35
7199.78,7210.92,6944.31,6965.33,1460468141.64
6965.33,7398.15,6875.05,7335.99,2477231506.61
7335.99,7397.93,7283.48,7351.86,1103622165.64
7351.86,7490.16,7324.52,7359.73,1498797306.21
7359.73,7785.28,7345.66,7756.08,1838698945.36
7756.08,8194.3,7737.08,8150.25,2867506591.72
8150.25,8438.51,7879.56,8051.67,3777646349.89
8051.67,8053.74,7760.72,7818.57,2097739612.19
7818.57,8192.72,7684.9,8191.18,3067969165.02
8191.18,8279.32,8009.2,8026.03,2099535625.95
8026.03,8184.04,7966.15,8181.75,1515145247.9
8181.75,8192.14,8059.49,8105.29,1245110620.99
8105.29,8872.73,8105.29,8826.47,4330650701.97
8826.47,8904.08,8577.44,8824.85,2901903894.53
8824.85,8857.23,8601.65,8724.89,1935253441.8
8724.89,9014.06,8676.25,8915.03,2595860101.49
8915.03,8986.86,8809.57,8919.42,1545576743.3
8919.42,9197.43,8545.86,8705.14,2883336030.47
8705.14,8743.93,8526.37,8642.58,1644419744.85
8642.58,8773.95,8522.31,8736.88,1418427200.81
8736.88,8809.12,8608.85,8682.47,1280173197.51
8682.47,8688.35,8310.32,8408.47,1931560763.83
8408.47,8521.4,8240.64,8439.51,1600969656.52
8439.51,8448.79,8277.34,8340.43,1003294284.69
8340.43,8612.13,8301.74,8612.11,1084061953.75
8612.11,8997.12,8580.14,8909.0,1960065725.04
8909.0,9384.75,8895.84,9371.93,2808899241.84
9371.93,9435.27,9250.03,9303.68,2289824321.95
9303.68,9575.56,9213.47,9512.15,2312157634.31
9512.15,9527.69,9215.34,9349.38,1854822179.71
9349.38,9461.87,9303.08,9386.77,1116817770.07
9386.77,9470.82,9191.22,9332.61,1752330533.63
9332.61,9570.29,9244.26,9296.86,2006854089.33
9296.86,9348.99,9099.06,9195.06,1906319678.19
9195.06,9720.58,9179.3,9612.3,2317851325.46
9612.3,9859.16,9534.1,9772.33,2421074594.12
9772.33,9878.23,9737.7,9818.18,1855224381.75
9818.18,9929.1,9671.08,9894.0,1943524776.75
9894.0,10161.04,9879.9,10155.39,2208625957.62
10155.39,10185.51,9768.61,9854.52,2492991838.65
9854.52,10312.04,9719.35,10221.02,2665681682.61
10221.02,10429.64,10221.02,10328.16,2431079557.3
10328.16,10486.06,10101.93,10232.98,3186734993.25
10232.98,10373.03,10113.13,10341.9,2280689303.77
10341.9,10372.23,9820.95,9905.13,2303997704.85
9905.13,10046.44,9672.31,9930.84,2098782732.33
9930.84,9955.97,9460.28,9701.38,2824950494.84
9701.38,10232.94,9592.64,10159.93,2910818669.28
10159.93,10241.3,9540.32,9624.76,2631072722.47
9624.76,9659.71,9451.4,9599.27,2416082801.96
9599.27,9753.25,9571.57,9679.14,1969587310.15
9679.14,9702.83,9562.67,9653.06,1709397048.98
9653.06,9964.65,9650.37,9947.92,2744269247.16
9947.92,9984.07,9492.96,9659.43,3698455994.52
9659.43,9668.8,9276.17,9320.57,3259130360.62
9320.57,9375.07,8678.41,8794.07,4526830906.01
8794.07,8972.15,8540.85,8817.39,3736920437.71
8817.39,8896.73,8451.38,8693.86,3737598900.46
8693.86,8789.43,8528.12,8529.1,2392647393.42
8529.1,8740.35,8429.45,8537.13,2787869632.76
8537.13,8957.06,8501.69,8910.36,4093100391.35
8910.36,8916.34,8659.83,8757.63,3945183543.69
8757.63,8845.8,8671.72,8749.45,2896244444.72
8749.45,9146.94,8749.33,9057.93,4260894321.61
9057.93,9164.8,9001.88,9132.59,4273708104.68
9132.59,9179.24,8847.32,8887.57,3025442747.48
8887.57,8887.9,8016.62,8035.72,4605492589.27
8035.72,8145.57,7643.47,7931.15,6178740676.17
7931.15,8145.06,7747.06,7889.61,4857897939.67
7889.61,7975.22,7602.9,7933.72,4324357415.03
7933.72,7960.65,4488.44,4792.19,7710812384.84
4792.19,5929.22,3867.94,5587.32,9799323984.03
5587.32,5637.19,5069.43,5183.64,4959417740.71
5183.64,5888.11,5128.3,5361.79,3974629496.18
5361.79,5402.57,4482.0,5023.24,5981709886.34
5023.24,5513.3,4929.69,5344.23,4742130293.28
5344.23,5429.27,5015.14,5392.36,3997388319.38
5392.36,6387.71,5254.81,6165.34,5227685487.6
6165.34,6854.61,5795.38,6209.02,6185494769.95
6209.02,6436.84,5883.04,6188.06,4042674577.19
6188.06,6397.85,5766.71,5820.64,3911090781.1
5820.64,6525.05,5712.83,6470.37,4730523612.92
6470.37,6807.43,6383.19,6747.72,4841418380.93
6747.72,6940.02,6478.92,6678.29,4838141944.92
6678.29,6770.82,6538.74,6735.28,3239878540.35
6735.28,6828.66,6329.97,6366.47,3474673774.23
6366.47,6367.02,6042.48,6238.0,3566218830.15
6238.0,6261.67,5877.86,5881.22,2493843709.09
5881.22,6574.85,5860.35,6392.12,4784206110.52
6392.12,6516.11,6340.09,6410.38,3175687676.19
6410.38,6665.77,6153.8,6633.43,4837764652.36
6633.43,7158.75,6565.85,6801.09,5514207530.41
6801.09,7029.45,6612.75,6735.88,4880100131.16
6735.88,6943.86,6669.55,6857.38,3394776348.97
6857.38,6889.26,6683.23,6772.41,2582667633.01
6772.41,7337.14,6767.67,7330.57,5692136396.65
7330.57,7447.03,7092.81,7199.85,4641295043.76
7199.85,7415.48,7153.96,7360.37,3605589099.9
7360.37,7369.29,7140.93,7286.62,2970625344.69
7286.62,7293.34,6752.5,6861.55,4222429077.83
6861.55,6937.81,6763.68,6878.1,2833750219.69
6878.1,7174.29,6782.76,6901.99,3748793775.54
6901.99,6902.41,6615.9,6838.94,4286875659.78
6838.94,6968.43,6768.12,6867.09,3593642877.23
6867.09,6928.51,6613.48,6637.13,3447907893.05
6637.13,7177.77,6538.29,7100.52,5043537937.82
7100.52,7143.02,6997.12,7026.76,2558724862.65
7026.76,7288.2,7022.66,7247.69,2487049726.17
7247.69,7261.28,7061.61,7121.57,2270958455.01
7121.57,7206.96,6768.2,6832.32,4437389327.33
6832.32,6923.82,6765.76,6843.11,3093958940.45
6843.11,7147.79,6820.25,7124.44,3020680152.19
7124.44,7622.49,7031.07,7483.24,3899308978.49
7483.24,7604.95,7415.89,7501.15,3021218792.85
7501.15,7665.98,7442.49,7539.82,2611523948.06
7539.82,7695.73,7517.63,7693.45,2723961977.7
7693.45,7779.77,7631.68,7773.55,2987007292.55
7773.55,7777.61,7662.48,7744.38,2495673322.74
7744.38,8925.84,7731.38,8776.18,6426690009.9
8776.18,9448.64,8431.41,8629.04,8210977911.18
8629.04,9045.1,8620.39,8823.38,4189303339.3
8823.38,9008.02,8763.36,8971.99,3388806424.62
8971.99,9188.84,8733.77,8893.43,4388583378.88
8893.43,8949.19,8528.06,8871.63,4250942629.25
8871.63,9102.1,8810.06,9022.6,3947168319.14
9022.6,9384.59,8919.84,9141.24,5091499950.85
9141.24,10037.06,9071.85,9979.7,6564641686.95
9979.7,10027.28,9723.41,9804.98,5000971806.74
9804.98,9914.01,9531.04,9544.47,6678527856.55
9544.47,9560.24,8317.08,8740.28,8689238554.34
8740.28,9136.77,8277.62,8573.94,7390198603.18
8573.94,8966.6,8538.22,8812.32,4063726755.48
8812.32,9393.32,8795.44,9303.63,4914700556.58
9303.63,9909.77,9263.67,9791.98,6878827306.03
9791.98,9835.72,9207.65,9316.55,6057162618.3
9316.55,9579.81,9229.93,9382.17,3795666662.11
9382.17,9874.37,9330.99,9676.97,4188410687.44
9676.97,9941.52,9548.75,9730.74,4155636509.92
9730.74,9888.68,9490.99,9773.41,3993639251.72
9773.41,9836.62,9381.95,9512.35,4250305713.92
9512.35,9570.09,8825.48,9067.26,4941856870.02
9067.26,9255.63,8949.06,9170.07,3556459275.94
9170.07,9303.85,9093.76,9177.18,3010969275.2
9177.18,9295.4,8724.79,8725.34,3723536236.04
8725.34,8970.01,8665.81,8897.63,3223965235.96
8897.63,9006.68,8707.83,8841.17,2880635327.65
8841.17,9215.3,8816.67,9199.26,3009465141.51
9199.26,9618.23,9117.25,9575.85,3436406722.97
9575.85,9598.86,9350.95,9424.57,3014498457.58
9424.57,9730.85,9337.56,9694.64,2605194017.28
9694.64,9697.48,9404.97,9454.93,2620521540.75
9454.93,10317.1,9427.2,10192.8,2864137317.77
10192.8,10206.57,9355.67,9524.59,4212748969.79
9524.59,9667.25,9414.25,9664.25,2017029447.81
9664.25,9869.18,9475.34,9789.82,2175506225.76
9789.82,9847.49,9625.2,9625.33,2064194416.33
9625.33,9731.17,9545.63,9667.87,1350500429.69
9667.87,9794.29,9399.46,9746.55,2104813152.9
9746.55,9796.3,9654.01,9779.14,1614913372.18
9779.14,9866.61,9612.72,9769.04,1747386658.81
9769.04,9979.2,9706.2,9882.32,2135727810.49
9882.32,9952.3,9172.24,9283.38,3328381969.41
9283.38,9551.32,9246.64,9466.63,1891313946.92
9466.63,9488.22,9358.0,9473.23,1375209547.94
9473.23,9479.63,9256.3,9341.8,1260447427.16
9341.8,9492.18,8923.14,9424.95,2554730940.32
9424.95,9584.3,9375.12,9523.72,2099943135.11
9523.72,9556.03,9250.97,9462.87,2131198385.42
9462.87,9482.35,9284.2,9386.57,1852987721.97
9386.57,9424.67,9246.59,9311.74,2189784537.71
9311.74,9395.22,9187.51,9358.45,1746487135.91
9358.45,9411.81,9284.07,9294.66,1612356231.17
9294.66,9773.95,9279.79,9684.99,2401020221.13
9684.99,9717.72,9579.49,9624.97,1977387734.96
9624.97,9667.89,9212.55,9300.73,2109761708.67
9300.73,9336.27,9014.02,9248.74,2180345467.25
9248.74,9296.95,9050.56,9161.31,2095831933.56
9161.31,9194.13,8860.79,9012.23,1715268531.23
9012.23,9188.81,8949.39,9122.27,1250421657.54
9122.27,9233.12,9028.87,9186.28,1651468949.97
9186.28,9199.88,9069.78,9137.34,1636783384.54
9137.34,9289.96,9094.88,9229.75,1437078689.97
9229.75,9260.46,8953.25,9086.63,1968438709.14
9086.63,9122.71,9044.74,9062.04,1349856929.96
9062.04,9187.59,9045.49,9135.62,921298028.31
9135.62,9143.51,8924.41,9075.73,1215912197.43
9075.73,9367.4,9058.62,9342.66,2047717311.82
9342.66,9373.49,9207.51,9256.27,1359594399.83
9256.27,9466.91,9233.01,9435.26,1660518067.83
9435.26,9439.98,9173.35,9233.91,1426334320.08
9233.91,9313.46,9128.44,9287.82,1243408309.79
9287.82,9297.61,9180.83,9234.09,871587069.05
9234.09,9335.23,9162.85,9300.25,968862180.09
9300.25,9334.92,9201.65,9242.4,1409998438.8
9242.4,9274.98,9120.66,9254.73,1386002827.13
9254.73,9273.09,9166.29,9198.34,1194917112.64
9198.34,9224.09,9050.04,9134.21,1507751770.55
9134.21,9183.69,9090.62,9155.55,1046980953.53
9155.55,9202.83,9124.67,9169.42,893359215.95
9169.42,9227.85,9103.59,9207.34,809517593.54
9207.34,9218.51,9135.36,9161.16,1123130970.6
9161.16,9433.71,9153.43,9388.66,1662978872.65
9388.66,9531.1,9281.48,9518.03,1355773850.46
9518.03,9659.13,9447.75,9604.82,1572023470.71
9604.82,9632.11,9467.41,9537.86,1574136269.22
9537.86,9730.64,9525.13,9700.94,1683933229.1
9700.94,10097.91,9650.79,9929.81,2188653076.02
9929.81,11375.5,9921.24,11027.72,4641048252.92
11027.72,11236.09,10572.96,10908.39,3858849603.46
10908.39,11338.65,10834.65,11101.15,3056634569.54
11101.15,11169.79,10844.58,11099.83,2597331018.17
11099.83,11440.0,10963.54,11337.09,2843825696.44
11337.09,11855.15,11223.91,11802.17,3181142182.51
11802.17,12108.11,10915.49,11070.6,3292175838.01
11070.6,11468.65,10947.84,11220.64,2147351566.82
11220.64,11410.67,11030.06,11190.06,2415313093.41
11190.06,11779.77,11102.02,11741.92,3014714822.11
11741.92,11897.95,11566.01,11763.24,2810018946.65
11763.24,11905.2,11329.24,11593.17,2722634562.48
11593.17,11805.41,11520.83,11765.87,1913533884.73
11765.87,11794.13,11525.17,11681.06,1784913514.92
11681.06,12055.6,11600.4,11890.49,2805813359.21
11890.49,11932.93,11131.55,11390.28,3142640375.06
11390.28,11615.99,11162.93,11565.27,2693849532.67
11565.27,11781.58,11277.33,11776.83,2421041328.66
11776.83,11850.45,11636.24,11759.62,2110895591.72
11759.62,11978.79,11697.44,11852.58,2180775149.96
11852.58,11932.44,11690.88,11910.5,1862322161.14
11910.5,12447.19,11771.91,12280.17,2879164967.28
12280.17,12383.17,11850.21,11946.23,2725976783.87
11946.23,12019.76,11578.29,11753.03,2563455459.5
11753.03,11879.56,11668.95,11856.13,1871869381.55
11856.13,11877.1,11495.13,11529.47,2229037744.47
11529.47,11683.41,11380.34,11665.18,1844843976.66
11665.18,11713.86,11516.01,11647.91,1511663836.28
11647.91,11823.68,11589.17,11751.04,1831164727.92
11751.04,11766.04,11121.1,11320.57,2639671125.56
11320.57,11535.98,11244.47,11461.44,2423016135.06
11461.44,11582.96,11128.17,11328.38,2461866788.91
11328.38,11540.02,11279.59,11527.26,2160733048.23
11527.26,11577.68,11425.58,11467.41,1511170450.13
11467.41,11716.03,11460.54,11711.35,1673862696.89
11711.35,11777.24,11571.61,11651.19,2068436896.42
11651.19,12048.68,11541.11,11923.36,2806421100.85
11923.36,11951.13,11200.85,11387.96,2992490707.51
11387.96,11457.29,10094.38,10141.76,3392087802.49
10141.76,10620.7,10014.83,10448.99,1983815489.64
10448.99,10562.3,9882.6,10166.28,2828378964.92
10166.28,10344.79,9998.34,10255.38,2071633267.73
10255.38,10401.62,9879.31,10372.41,2094875822.54
10372.41,10435.31,9858.44,10126.46,2383099413.77
10126.46,10339.58,9982.68,10219.76,1722156418.24
10219.76,10479.35,10206.31,10337.34,2102757677.34
10337.34,10396.32,10205.28,10387.75,1668597725.23
10387.75,10477.08,10273.19,10440.57,1391717383.79
10440.57,10576.54,10215.07,10330.02,1636732270.42
10330.02,10745.25,10248.11,10672.27,2159227110.42
10672.27,10928.29,10616.09,10785.49,2214381862.19
10785.49,11091.33,10668.0,10953.24,2404894975.02
10953.24,11040.0,10751.2,10938.96,2064404584.72
10938.96,11038.38,10817.51,10931.95,1657355773.62
10931.95,11174.58,10890.13,11080.31,1378638888.06
11080.31,11080.31,10755.85,10919.85,1454738673.42
10919.85,10984.06,10337.38,10417.19,1786085990.54
10417.19,10570.0,10361.81,10529.14,1938966460.93
10529.14,10535.26,10142.13,10239.8,1854776299.22
10239.8,10781.41,10198.86,10734.63,2011655286.63
10734.63,10757.05,10558.45,10687.08,1828835850.58
10687.08,10813.84,10646.65,10728.81,1366554634.54
10728.81,10797.66,10597.85,10773.86,1320759930.18
10773.86,10945.41,10651.88,10695.94,1920451763.43
10695.94,10861.44,10639.69,10840.32,1741687711.69
10840.32,10847.0,10667.74,10775.97,1623553069.91
10775.97,10912.51,10454.04,10619.82,1984981768.61
10619.82,10663.5,10378.07,10570.29,2020825027.54
10570.29,10596.32,10499.79,10541.94,1202324369.79
10541.94,10693.66,10519.25,10668.08,1136726556.27
10668.08,10795.5,10619.83,10790.03,1492829941.14
10790.03,10798.41,10530.46,10600.36,1636179839.06
10600.36,10680.26,10551.14,10667.0,1284916687.17
10667.0,10945.15,10534.79,10924.26,1836226016.53
10924.26,11098.6,10833.2,11051.03,1711751177.33
11051.03,11475.78,11050.98,11293.76,1757270901.93
11293.76,11438.87,11273.4,11369.74,1173869213.91
11369.74,11718.49,11216.73,11530.36,1893560270.74
11530.36,11554.87,11307.66,11419.92,1856413960.17
11419.92,11543.14,11289.8,11417.69,1785100421.03
11417.69,11594.35,11258.69,11503.71,1983513162.61
11503.71,11538.46,11215.5,11317.25,1933337565.79
11317.25,11398.81,11265.08,11359.62,1071817865.54
11359.62,11505.42,11344.56,11503.9,995483169.07
11503.9,11820.45,11410.21,11749.53,1776603751.89
11749.53,12031.05,11682.97,11907.97,2306001737.11
11907.97,13204.48,11887.29,12784.26,3978237489.58
12784.26,13176.72,12683.9,12964.71,2984029062.56
12964.71,13020.61,12725.52,12921.99,2050301296.46
12921.99,13159.0,12869.67,13107.29,1648402703.77
13107.29,13338.59,12895.01,13025.96,1785260182.5
13025.96,13221.02,12770.09,13049.52,2250901025.2
13049.52,13773.85,13035.27,13640.98,2191456503.19
13640.98,13849.12,12903.9,13273.23,1607291415.16
13273.23,13627.99,12956.31,13450.74,2027386486.75
13450.74,13655.05,13120.11,13550.67,2934659136.96
13550.67,14068.28,13414.98,13779.68,2782818184.94
13779.68,13875.68,13604.73,13740.64,1878636078.82
13740.64,13810.59,13192.52,13548.77,2417876018.13
13548.77,14051.42,13285.93,14008.25,1349849032.97
14008.25,14241.65,13527.65,14130.56,1577900207.89
14130.56,15726.03,14089.96,15584.53,2107988172.81
15584.53,15950.88,15207.85,15566.33,1929041939.45
15566.33,15747.42,14421.79,14816.83,1420994409.17
14816.83,15642.58,14708.6,15476.34,1314821484.07
15476.34,15799.69,14815.25,15323.94,1765884866.19
15323.94,15457.45,15077.23,15286.1,1457543222.25
15286.1,15951.06,15265.71,15676.34,2760629031.07
15676.34,16328.75,15450.07,16287.81,3450076392.95
16287.81,16469.02,15948.21,16310.36,2768273384.22
16310.36,16314.69,15689.35,16052.8,2299369825.5
16052.8,16141.32,15756.98,15931.98,1828192724.03
15931.98,16869.21,15846.91,16705.18,3133374982.16
16705.18,17850.66,16544.44,17657.42,4154187989.31
17657.42,18462.35,17276.6,17770.98,5399289241.01
17770.98,18166.31,17343.91,17801.63,4115810746.09
17801.63,18804.58,17746.64,18655.64,3768927774.69
18655.64,18962.1,18347.75,18691.59,3545265989.61
18691.59,18738.96,17643.9,18414.69,3700308423.05
18414.69,18756.87,18010.46,18369.8,3906468358.7
18369.8,19406.14,18109.97,19147.3,5160892141.25
19147.3,19478.79,18509.47,18718.02,4394165007.98
18718.02,18906.35,16221.22,17148.12,6410923864.76
17148.12,17448.04,16457.69,17137.58,3761093311.44
17137.58,17873.11,16870.1,17722.9,2946790393.52
17722.9,18339.34,17526.36,18182.5,2822101252.6
18182.5,19845.16,18182.5,19693.01,5426268530.64
19693.01,19888.07,18112.28,18767.65,5952555132.75
18767.65,19333.08,18332.44,19211.07,3739626774.22
19211.07,19597.77,18879.69,19424.19,2842034799.92
19424.19,19520.63,18591.9,18651.71,3265130873.36
18651.71,19172.08,18506.88,19149.35,2072521041.55
19149.35,19413.02,18864.96,19360.25,2004688829.89
19360.25,19417.75,18907.0,19169.52,2560349227.29
19169.52,19291.88,18231.07,18325.18,3796320276.89
18325.18,18633.94,17656.78,18540.99,4284353352.01
18540.99,18550.86,17919.12,18248.44,2968986488.14
18248.44,18288.28,17597.95,18032.08,3605777150.01
18032.08,18936.77,18026.15,18803.88,2589527637.12
18803.88,19411.56,18714.61,19176.12,3065383364.52
19176.12,19348.07,19006.7,19272.45,2563165382.55
19272.45,19566.47,19057.52,19425.57,3195648257.6
19425.57,21541.99,19282.34,21341.25,6051731954.56
21341.25,23779.44,21236.05,22802.17,10346150603.33
22802.17,23276.2,22361.14,23111.05,5339658384.69
23111.05,24141.37,22764.03,23826.92,4875254850.99
23826.92,24286.64,23086.81,23470.01,4652235731.64
23470.01,24109.12,22013.44,22718.15,5646088843.69
22718.15,23825.22,22378.59,23813.34,5199918805.84
23813.34,24107.35,22693.7,23231.45,6678766747.67
23231.45,23790.99,22711.0,23729.92,4547652265.05
23729.92,24783.11,23439.4,24708.45,5086328040.95
24708.45,26849.31,24505.92,26483.31,6250703712.84
26483.31,28408.14,25691.47,26280.77,9641516858.52
26280.77,27483.73,26116.23,27073.86,6142113257.37
27073.86,27406.08,25893.64,27382.9,5240846694.67
27382.9,28988.67,27382.16,28872.6,6795370714.27
28872.6,29299.49,27952.25,28921.33,6360291567.92
28921.33,29606.95,28687.23,29333.16,5218639387.01
29333.16,33266.13,28957.24,32175.58,9364231184.16
32175.58,34760.81,32000.17,32997.95,10201807953.02
32997.95,33576.43,28677.1,31996.2,11504071669.66
31996.2,34366.62,29933.55,33938.5,9377417825.11
33938.5,36922.47,33324.17,36750.95,9967967545.51
36750.95,40326.6,36310.2,39432.29,11462462533.09
39432.29,41917.13,36673.67,40586.34,12014150658.64
40586.34,41367.51,38738.74,40087.93,6558833288.74
40087.93,41330.91,35410.98,38168.89,9692717711.65
38168.89,38253.49,30492.21,35415.95,16566539026.84
35415.95,36618.41,32560.98,34051.92,10342181758.9
34051.92,37785.35,32399.81,37366.57,9401750082.98
37366.57,40099.67,36752.68,39171.2,8275429350.8
39171.2,39739.06,34556.71,36757.19,9966685185.88
36757.19,37934.94,35385.67,36006.58,7931818119.62
36006.58,36842.21,33863.15,35833.96,6696683193.94
35833.96,37457.58,34795.68,36620.68,6110022058.68
36620.68,37846.87,35887.17,35898.64,6894783662.08
35898.64,36407.55,33417.05,35472.88,7864223171.57
35472.88,35593.26,30092.48,30854.14,9951406031.78
30854.14,33812.04,28859.01,32972.73,9817907775.78
32972.73,33442.92,31399.93,32081.32,5096401047.87
32081.32,33055.67,30932.44,32255.01,4434123220.69
32255.01,34853.07,31924.34,32272.86,6853971631.21
32272.86,32891.44,30846.15,32471.37,6436269468.16
32471.37,32544.49,29265.5,30359.52,7204113274.32
30359.52,33751.36,29849.59,33345.01,6869856957.77
33345.01,38509.81,31927.22,34241.44,16034752410.78
34241.44,34927.68,32842.32,34265.49,7006761898.11
34265.49,34334.79,32189.61,33097.92,5058256039.37
33097.92,34689.72,32306.7,33525.88,6026215457.32
33525.88,35971.33,33433.29,35477.16,5854725213.67
35477.16,37654.59,35371.73,37620.34,6400183811.95
37620.34,38701.84,36197.42,36946.82,7613146239.39
36946.82,38304.29,36585.67,38286.3,5773764887.96
38286.3,40942.48,38219.83,39189.86,7901672616.94
39189.86,39685.87,37404.98,38801.41,6982463908.35
38801.41,46710.13,38003.08,46368.54,10889407183.79
46368.54,48131.96,44997.54,46439.52,10949085873.68
46439.52,47298.75,43741.03,44816.57,8382789662.09
44816.57,48640.37,44017.49,47979.17,8333251222.35
47979.17,48961.25,46266.83,47316.74,7693752308.74
47316.74,48118.95,46253.34,47151.01,6015546206.93
47151.01,49690.25,47036.27,48596.39,6806759042.15
48596.39,48984.54,45922.74,47907.3,7035229364.87
47907.3,50559.17,47033.05,49167.07,8590479208.49
49167.07,52602.95,48965.59,52117.28,8813570741.01
52117.28,52524.76,50908.9,51556.63,6612426008.64
51556.63,56324.69,50785.54,55891.36,7695119335.63
55891.36,57614.24,54424.73,55867.83,9359499375.76
55867.83,58332.45,55483.63,57410.77,6445444955.79
57410.77,57497.12,48576.95,54102.2,13134402102.94
54102.2,54171.89,44937.0,48907.18,15792519836.29
48907.18,51349.08,47009.6,49676.91,9951183606.55
49676.91,51964.98,46692.68,47088.85,8328633091.55
47088.85,48412.55,44131.4,46302.57,10383161842.0
46302.57,48358.59,45006.14,46121.91,6189829621.56
46121.91,46617.58,43046.33,45155.02,7552617882.21
45155.02,49782.02,44956.17,49592.71,8256958217.18
49592.71,50186.96,47064.39,48440.18,6546097190.31
48440.18,52620.66,48110.51,50354.88,8158341542.31
50354.88,51763.6,47506.59,48369.94,7982334298.89
48369.94,49439.63,46320.38,48764.63,7322630191.16
48764.63,49184.49,47082.93,48867.11,4784862337.02
48867.11,51449.86,48867.09,50951.23,5695404638.54
50951.23,52382.26,49276.67,52366.14,7000842190.25
52366.14,54889.29,51811.99,54886.26,7556621170.83
54886.26,57368.92,53026.19,55851.88,8694302923.54
55851.88,58135.48,54319.97,57784.9,8645283061.84
57784.9,58066.97,55093.37,57242.19,8503613902.87
57242.19,61820.49,56092.5,61177.94,9288916809.95
61177.94,61708.87,58986.15,58992.38,6197673528.0
58992.38,60631.62,55084.81,55633.55,10950600383.33
55633.55,56922.18,53359.24,56900.44,8394006696.01
56900.44,58958.08,54143.13,58899.78,7738607064.15
58899.78,60073.5,57037.19,57651.29,7545963146.15
57651.29,59458.54,56375.07,58038.36,6090441692.27
58038.36,59880.34,57831.32,58115.36,6504588460.72
58115.36,58587.46,55619.73,57347.27,6227484764.81
57347.27,58418.51,53749.28,54078.39,7017364647.56
54078.39,55827.29,53012.41,54353.24,6489778851.91
54353.24,57189.61,51954.75,52304.91,8350218866.46
52304.91,53257.22,50470.37,51302.69,8335575077.45
51302.69,55062.44,51227.64,55023.9,7650908870.51
55023.9,56648.24,53972.59,55842.65,6452479734.85
55842.65,56534.52,54698.71,55775.47,7133875757.83
55775.47,58389.05,54928.94,57628.2,8726347436.21
57628.2,59366.73,57074.69,58746.61,7375203027.28
58746.61,59788.52,57145.03,58749.55,8189706326.36
58749.55,59469.63,57993.58,58725.03,7308375915.61
58725.03,60158.87,58450.62,58963.03,6406031301.16
58963.03,59781.72,56904.47,57062.28,7553822630.75
57062.28,58491.61,56441.03,58197.26,5989741898.38
58197.26,59215.65,56798.93,59120.63,6967081296.77
59120.63,59488.65,57429.94,57982.02,7379525606.31
57982.02,58641.28,55479.08,55957.67,8409063679.03
55957.67,58153.55,55707.91,58084.45,6010686943.31
58084.45,58895.35,57681.98,58129.26,5937930464.23
58129.26,61328.4,57901.08,59769.23,8233309484.36
59769.23,60694.49,59231.94,59999.37,5393269845.71
59999.37,61268.34,59417.11,59860.04,6793645746.84
59860.04,63715.21,59816.38,63570.26,9495922912.24
63570.26,64773.11,61351.4,62964.6,9636812524.72
62964.6,63781.33,62029.21,63150.03,6868064596.96
63150.03,63514.16,60017.65,61340.59,9687363007.0
61340.59,62500.03,59601.67,60008.59,6425974473.49
60008.59,60403.36,51930.67,56158.26,11594220447.87
56158.26,57510.18,54344.95,55628.27,7641765143.3
55628.27,57058.66,53394.77,56445.7,8172224084.03
56445.7,56750.44,53605.27,53777.9,7176939274.5
53777.9,55456.78,50756.68,51705.82,11770173534.89
51705.82,52126.63,47526.03,51119.53,11666374449.24
51119.53,51157.99,48685.38,50044.72,6695179351.8
50044.72,50538.42,47098.27,49068.43,6165240653.27
49068.43,54324.6,48766.16,53998.94,9241402061.6
53998.94,55446.5,53245.25,55017.97,6157237059.12
55017.97,55928.77,53842.9,54832.53,6176542118.4
54832.53,55184.18,52358.02,53553.09,6283538927.92
53553.09,57937.89,53038.95,57695.32,7229427516.68
57695.32,58454.41,57011.62,57798.33,5345007649.72
57798.33,57906.5,56057.56,56578.12,4356799842.91
56578.12,58961.0,56465.18,57154.82,6478337529.41
57154.82,57197.12,53122.05,53220.29,7883721391.42
53220.29,57946.72,52962.09,57435.27,7244786405.02
57435.27,58353.17,55233.11,56392.85,6463546855.21
56392.85,58624.75,55257.45,57314.71,6224897065.57
57314.71,59492.2,56915.03,58864.01,7798038314.17
58864.01,59220.92,56267.73,58236.94,6664995512.55
58236.94,59499.17,53920.16,55816.22,8537200194.93
55816.22,56856.08,54407.32,56664.33,5980895849.85
56664.33,57984.52,49433.61,49751.29,9085149949.78
49751.29,51353.21,46966.83,49681.9,12270986309.42
49681.9,51453.68,48865.96,49845.76,6882139221.08
49845.76,50675.96,46607.29,46777.54,7983458199.68
46777.54,49780.87,43873.26,46406.02,8652137835.61
46406.02,46567.42,42059.16,43530.55,9742155187.07
43530.55,45781.56,42275.01,42848.24,9479982021.83
42848.24,43542.87,31913.27,36657.05,19093872873.28
36657.05,42409.25,34918.11,40508.88,14762806992.37
40508.88,42194.9,33518.1,37267.38,15190080241.58
37267.38,38804.74,35251.29,37443.45,9873576143.82
37443.45,38257.76,31133.33,34626.4,15068832116.3
34626.4,39810.96,34268.12,38794.04,11069571695.16
38794.04,39778.31,36458.85,38337.72,8275863941.66
38337.72,40791.8,37807.92,39239.64,8778990197.48
39239.64,40356.34,37157.39,38519.5,7277626818.55
38519.5,38848.33,34707.37,35663.93,9859996314.77
35663.93,37290.71,33646.81,34589.39,8645085385.52
34589.39,36455.38,33394.64,35646.05,5682113588.49
35646.05,37486.45,34168.68,37255.44,7104360107.1
37255.44,37886.89,35721.8,36692.31,6310438997.64
36692.31,38217.56,35938.13,37569.42,5039052913.8
37569.42,39473.35,37180.95,39240.52,5317949099.98
39240.52,39279.68,35607.99,36837.21,5905462321.99
36837.21,37908.1,34853.91,35511.27,5750080874.67
35511.27,36436.45,35245.71,35796.61,4233149283.09
35796.61,36785.67,33327.44,33568.63,5712196994.07
33568.63,34054.07,31053.47,33379.47,7980214746.75
33379.47,37523.88,32403.04,37374.67,9556382497.42
37374.67,38391.46,35809.65,36676.36,7886201114.13
36676.36,37662.12,35955.61,37335.57,6424838939.25
37335.57,37455.21,34661.47,35541.55,6492108762.34
35541.55,39352.28,34767.1,39015.12,6657638041.84
39015.12,41032.47,38743.09,40513.12,8455638623.63
40513.12,41314.98,39536.52,40152.28,6466728067.59
40152.28,40504.43,38120.3,38348.49,7070125015.71
38348.49,39535.57,37377.74,38078.0,6953615717.61
38078.0,38198.06,35136.44,35811.61,7199592737.18
35811.61,36399.5,34843.62,35489.55,5732641191.71
35489.55,36111.08,33349.12,35599.29,6536970847.62
35599.29,35741.44,31272.91,31623.03,9727966768.64
31623.03,33289.5,28824.3,32501.11,10884180000.88
32501.11,34809.2,31705.8,33666.97,7975525760.92
33666.97,35272.43,32308.24,34659.11,5856054295.83
34659.11,35492.39,31288.37,31584.47,7430796301.74
31584.47,32700.27,30155.06,32283.7,6925339887.2
32283.7,34738.65,31997.86,34695.29,6304018400.99
34695.29,35274.09,33875.89,34487.08,5690170486.55
34487.08,36586.67,34233.33,35912.61,6287603883.17
35912.61,36096.4,34036.18,35041.22,5288365576.35
35041.22,35050.34,32735.57,33521.77,5341231561.91
33521.77,33964.67,32707.91,33786.12,4310475347.06
33786.12,34943.72,33326.97,34672.12,3975960533.05
34672.12,35955.84,34371.61,35284.44,3778981386.58
35284.44,35288.92,33145.64,33688.41,4379214627.12
33688.41,35091.88,33540.43,34224.91,4323358809.83
34224.91,35047.76,33791.5,33861.03,4288969855.95
33861.03,33923.93,32103.43,32867.43,5914775641.99
32867.43,34094.18,32277.23,33815.54,4696103846.42
33815.54,34254.93,33034.46,33508.33,3865120825.72
33508.33,34603.96,33312.22,34249.04,2672032308.13
34249.04,34660.15,32665.42,33101.68,3883781053.07
33101.68,33323.87,32211.26,32728.67,3330802155.11
32728.67,33093.77,31597.38,32818.08,3623722315.02
32818.08,33180.54,31149.34,31865.5,3630604086.61
31865.5,32237.07,31033.8,31385.43,5669713069.08
31385.43,31949.28,31174.06,31514.02,3470868703.69
31514.02,32426.12,31172.13,31779.59,3310506478.35
31779.59,31890.94,30439.42,30834.77,3753872813.45
30834.77,31053.08,29296.96,29785.25,4282033690.83
29785.25,32791.29,29494.73,32137.91,5515563105.94
32137.91,32551.98,31719.94,32286.36,3337210127.57
32286.36,33620.33,31980.44,33618.55,5181815755.84
33618.55,34486.05,33404.76,34252.94,4630660336.51
34252.94,35392.41,33856.75,35381.47,3587542760.27
35381.47,40541.42,35217.34,37246.78,11248241127.95
37246.78,39521.44,36396.85,39468.09,7127364069.17
39468.09,40860.04,38799.47,40016.77,8769470442.45
40016.77,40626.58,39235.73,40019.98,5495732333.7
40019.98,42284.58,38330.79,42205.5,7212703794.17
42205.5,42392.72,41045.0,41400.44,5911479549.82
41400.44,42572.88,39561.35,39855.73,4966140913.98
39855.73,40455.96,38696.83,39151.04,5022176354.11
39151.04,39767.83,37683.99,38205.78,5088030719.79
38205.78,39963.92,37524.92,39736.54,4706907491.0
39736.54,41347.52,37402.44,40861.1,7384807886.91
40861.1,43359.96,39871.72,42834.01,8434437180.66
42834.01,44692.7,42570.06,44570.29,8773284335.87
44570.29,45298.3,43274.77,43803.87,7991757590.93
43803.87,46450.58,42793.59,46266.84,8345100061.0
46266.84,46678.39,44638.66,45577.64,6720318355.67
45577.64,46740.36,45349.73,45538.24,6411909454.56
45538.24,46217.29,43796.31,44407.97,7023239651.17
44407.97,47834.06,44232.4,47800.35,5665810091.83
47800.35,48107.49,46007.33,47069.28,6439933086.89
47069.28,47354.04,45503.06,46977.45,5892384627.48
46977.45,48033.77,45677.16,45903.11,6439832346.64
45903.11,47159.74,44422.24,44672.52,6347815945.49
44672.52,46000.39,44302.2,44699.38,5879177701.17
44699.38,47040.17,43944.22,46753.4,8065858948.82
46753.4,49369.48,46636.23,49314.68,6333193348.57
49314.68,49760.96,48334.81,48825.99,9504193321.68
48825.99,49461.94,48161.65,49250.34,4679504903.06
49250.34,50486.33,49034.38,49504.34,6795095197.1
49504.34,49855.04,47612.66,47699.45,6789982416.37
47699.45,49246.69,47132.6,48972.76,6301309137.97
48972.76,49344.03,46348.96,46834.28,6255665189.76
46834.28,49140.22,46357.12,49056.16,7360236457.8
49056.16,49287.91,48366.27,48890.16,6084561141.1
48890.16,49620.05,47799.1,48764.15,4804328305.14
48764.15,48873.75,46862.75,46984.46,5751599805.89
46984.46,48238.36,46698.62,47115.49,6232327810.22
47115.49,49064.49,46522.46,48813.54,7453962007.61
48813.54,50375.55,48596.3,49257.7,8034459576.84
49257.7,50986.79,48345.3,49992.88,8767205640.17
49992.88,50532.37,49400.34,49913.64,7503132127.65
49913.64,51878.89,49474.97,51758.65,5207737536.48
51758.65,52782.99,51035.06,52664.99,7176631999.5
52664.99,52913.08,44983.52,46845.61,11671922122.49
46845.61,47334.47,44458.92,46058.77,8100982535.82
46058.77,47384.13,45545.17,46385.04,6381681828.71
46385.04,47029.37,44185.02,44853.95,7387201126.95
44853.95,45977.34,44730.04,45165.68,7337981609.65
45165.68,46405.57,44744.25,46027.16,4191211497.82
46027.16,46615.95,43464.95,44940.6,7377102323.85
44940.6,47241.94,44672.57,47118.55,7765122020.55
47118.55,48457.33,46692.17,48124.75,5023585005.08
48124.75,48497.61,47040.36,47745.37,5695061452.1
47745.37,48154.28,46766.93,47284.43,4484212350.18
47284.43,48810.14,47048.38,48298.66,5791330248.01
48298.66,48366.4,46861.18,47243.45,4968702838.32
47243.45,47333.26,42561.1,43015.26,7928640241.18
43015.26,43626.8,39704.19,40701.6,9776538256.29
40701.6,43984.44,40580.56,43545.5,6964862656.65
43545.5,44968.18,43074.14,44866.0,6529012148.39
44866.0,45112.27,40759.71,42806.87,8619365392.76
42806.87,42959.64,41684.32,42672.16,6437578516.48
42672.16,43902.53,40830.74,43176.43,4536405406.38
43176.43,44336.66,42113.79,42153.84,5672244316.52
42153.84,42755.37,40895.91,41027.53,5489251262.77
41027.53,42568.54,40763.3,41526.69,5978996891.17
41526.69,44111.44,41423.01,43813.8,5403164967.78
43813.8,48444.33,43291.28,48136.68,8393915911.5
48136.68,48300.4,47436.96,47645.19,5792541753.85
47645.19,49115.14,47126.77,48198.63,4700348111.11
48198.63,49495.65,47029.65,49215.29,5471549912.61
49215.29,51880.94,49040.67,51483.11,6140917803.25
51483.11,55697.41,50422.56,55313.75,9820164616.28
55312.65,55330.07,53358.95,53781.07,5525206676.7
53783.23,56042.89,53632.83,53936.51,6759938899.36
53936.51,55476.71,53680.33,54948.46,7223035172.03
54948.46,56471.27,54117.2,54669.87,8635144238.65
54669.87,57814.77,54447.51,57476.4,9057894640.79
57476.4,57632.01,54191.23,56017.2,8277942836.43
56017.2,57765.74,54247.29,57374.69,8767547127.09
57374.69,58515.67,56846.47,57342.26,7918116488.67
57342.26,62665.42,56867.99,61671.37,11443408243.41
61671.37,62350.31,60165.44,60880.89,8257054618.73
60880.89,61696.29,59154.8,61523.54,5879110324.07
61523.54,62658.87,59964.09,62027.11,8663384157.14
62027.11,64455.21,61462.53,64268.11,9982497098.03
64268.11,66950.38,63503.23,66001.5,8884294330.61
66001.5,66628.28,62045.63,62205.2,9875023521.14
62205.2,63721.7,60092.26,60693.14,9353215428.54
60693.14,61728.31,59689.76,61298.86,5981026936.55
61298.86,61479.71,59557.56,60855.52,6199422771.13
60855.52,63700.78,60649.78,63070.62,5692550361.17
63070.62,63271.7,59868.13,60311.22,6954504826.41
60311.22,61479.91,58192.9,58416.09,7492226426.42
58416.09,62269.31,58108.45,60598.41,8561267058.26
60598.41,62945.77,60209.2,62247.61,6853242213.32
62247.61,62356.69,60753.57,61859.7,5807718127.83
61859.7,62393.05,59998.77,61297.79,5563413718.18
61297.79,62412.92,59535.92,60899.55,7407227237.17
60899.55,64230.79,60637.13,63209.84,7407846341.29
63209.84,63497.52,61144.16,62886.6,6726895704.22
62886.6,63083.96,60690.1,61398.3,6214433731.31
61398.3,62571.39,60734.18,60959.02,6139257905.81
60959.02,61539.6,60074.03,61458.3,6030379358.41
61458.3,63258.15,61331.86,63253.58,4256375723.65
63253.58,67740.21,63253.58,67514.23,7492662990.74
67514.23,68502.13,66272.51,66933.57,7786327612.54
66933.57,68965.01,63185.99,64890.79,8931745747.77
64890.79,65587.58,64116.52,64801.27,6273777099.3
64801.27,65438.84,62301.13,64124.99,6934237666.2
64124.99,64947.06,63364.92,64380.18,6733912010.43
64380.18,65509.5,63595.03,65501.46,4490025349.44
65501.46,66340.94,63425.12,63602.29,6344181781.11
63602.29,63607.2,58765.62,60062.27,9264967357.03
60062.27,60811.24,58543.5,60352.49,7941104670.59
60352.49,60948.86,56495.96,56900.56,7423227189.46
56900.56,58312.77,55613.71,58047.78,7487532692.91
58047.78,59839.45,57391.23,59694.37,6004309222.23
59694.37,60001.47,58508.46,58606.3,4452226889.94
58606.3,59226.59,55621.52,56257.13,7017915468.98
56257.13,57853.52,55438.47,57539.65,7429396987.03
57539.65,57727.52,55885.97,57143.39,5980023095.1
57143.39,59379.88,57014.62,58931.06,6192573118.14
58931.06,59146.5,53519.31,53722.89,7080160902.46
53722.89,55271.15,53617.27,54757.24,5896226891.84
54757.24,57427.37,53321.45,57271.0,4536120848.68
57271.0,58848.82,56686.51,57772.16,6290424869.82
57772.16,59119.6,55907.38,56915.36,6598977139.14
56915.36,59045.48,56466.21,57187.25,6429900063.16
57187.25,57372.1,55856.16,56487.38,5350299376.32
56487.38,57552.02,52150.31,53646.19,7761285679.25
53646.19,53854.34,42748.58,49169.88,9854143888.32
49169.88,49671.39,47757.57,49391.09,6156654824.78
49391.09,50852.59,47185.55,50446.48,6305093927.59
50446.48,51917.57,50045.17,50588.25,6275920018.66
50588.25,51168.58,48648.5,50461.22,4714965118.49
50461.22,50775.3,47329.44,47563.82,5050833717.82
47563.82,49938.52,46934.4,47155.73,6178347318.22
47155.73,49475.35,46818.34,49350.31,4830371287.59
49350.31,50767.61,48658.76,50060.17,3512173195.73
50060.17,50182.34,45842.86,46692.45,6418546890.92
46692.45,48641.71,46304.03,48356.03,6022251192.99
48356.03,49456.44,46562.5,48866.18,7205379469.7
48866.18,49432.17,47530.85,47631.23,4576456430.28
47631.23,47988.17,45499.9,46142.25,6708602772.8
46142.25,47337.71,45520.21,46828.09,5161068568.26
46828.09,48151.96,46431.98,46686.59,4875671111.5
46686.59,47478.31,45571.13,46899.27,6141203868.87
46899.27,49306.53,46654.71,48887.49,5177820171.26
48887.49,49551.09,48428.11,48592.06,4044882782.33
48592.06,51344.88,48037.13,50794.49,4798942867.85
50794.49,51802.96,50459.99,50803.02,4651096072.88
50803.02,51122.39,50182.6,50400.78,3239202441.09
50400.78,51252.98,49496.19,50768.15,3324646575.75
50768.15,52029.93,50446.63,50693.84,4253648885.09
50693.84,50696.11,47331.87,47540.86,5950447929.47
47540.86,48135.5,46122.93,46468.32,5122687755.21
46468.32,47898.56,45964.0,47128.56,4272707707.42
47128.56,48546.15,45683.59,46208.95,5493620081.93
46208.95,47926.39,46203.08,47723.81,3682718591.85
47723.81,47939.54,46688.62,47294.06,3218812024.4
47294.06,47560.94,45725.83,46439.44,4241451689.24
46439.44,47531.71,45598.72,45836.58,5184734824.01
45836.58,47046.03,42503.95,43436.89,6518583189.66
43436.89,43783.28,42462.0,43077.43,3772492564.16
43077.43,43121.88,40684.06,41558.04,4666176314.41
41558.04,42293.16,40545.33,41681.89,4798430259.07
41681.89,42771.5,41248.34,41855.2,2670969535.61
41855.2,42237.36,39678.91,41817.73,5191917317.28
41817.73,43087.06,41274.96,42721.38,4260485039.62
42721.38,44264.65,42459.49,43903.01,3932435418.66
43903.01,44406.56,42322.75,42570.38,3788053789.21
42570.38,43434.0,41771.18,43062.07,3558057951.22
43062.07,43785.25,42580.4,43080.79,2556546664.08
43080.79,43458.0,42601.92,43069.7,2424501554.28
43069.7,43173.14,41549.75,42202.55,3065980722.07
42202.55,42662.9,41288.76,42350.0,3156427657.05
42350.0,42557.02,41151.73,41662.93,3719421179.2
41662.93,43488.93,40568.34,40703.85,4466178752.74
40703.85,41094.88,35466.5,36455.21,7811046448.11
36455.21,36801.99,34097.96,35058.15,7349446047.7
35058.15,36485.79,34620.61,36249.92,4657797002.03
36249.92,37500.93,32954.17,36666.44,7703298428.86
36666.44,37527.86,35711.21,36948.15,4374689952.19
36948.15,38819.07,36261.14,36799.57,5582817113.8
36799.57,37217.18,35518.79,37169.2,4203279882.46
37169.2,37996.34,36165.43,37715.34,3601415011.61
37715.34,38661.15,37326.74,38159.07,2491894554.39
38159.07,38335.93,37367.35,37896.15,1975931041.45
37896.15,38724.99,36650.16,38465.52,3147837733.56
38465.52,39233.14,38009.14,38697.85,3038640206.95
38697.85,38852.65,36653.59,36894.86,3009259330.43
36894.86,37327.27,36261.34,37304.09,2975973653.07
37304.09,41702.73,37029.74,41554.21,5176848650.95
41554.21,41894.47,40942.76,41386.58,3017680741.54
41386.58,42614.9,41134.31,42376.85,2143482959.89
42376.85,44471.67,41661.17,43829.37,4864388116.51
43829.37,45445.6,42680.96,44035.53,5876999198.3
44035.53,44792.86,43131.01,44372.35,3545436023.53
44372.35,45783.15,43205.56,43493.51,5812738362.1
43493.51,43909.11,41957.86,42374.1,4739930337.22
42374.1,43015.09,41747.44,42211.92,2751510874.95
42211.92,42748.34,41871.58,42055.37,2010618690.88
42055.37,42821.73,41574.71,42533.78,3497559537.13
42533.78,44745.31,42436.27,44542.17,3859601315.16
44542.17,44548.54,43338.6,43877.25,2971510355.47
43877.25,44157.37,40091.82,40514.26,4597292729.18
40514.26,40941.71,39463.68,39980.82,3960130213.1
39980.82,40431.64,39645.76,40079.42,1840226772.23
40079.42,40118.28,38018.88,38381.3,2951661899.85
38381.3,39463.01,36834.67,37008.36,5444575237.85
37008.36,38420.42,36368.02,38237.75,4435220441.42
38237.75,39229.91,37079.86,37251.78,3750429903.43
37251.78,39140.55,34336.45,38327.08,8651842308.96
38327.08,39665.87,38025.85,39215.42,4432371000.22
39215.42,40247.57,38582.13,39113.79,2546260856.82
39113.79,39833.57,37030.9,37695.27,3882810087.99
37695.27,43823.31,37455.39,43175.53,6082826196.8
43175.53,44925.79,42879.41,44412.04,5974200848.99
44412.04,45211.46,43349.44,43901.28,5507205978.67
43901.28,44080.26,41845.55,42456.5,4415765773.31
42456.5,42516.36,38572.84,39141.86,5523899812.46
39141.86,39594.73,38589.05,39393.74,2698335806.09
39393.74,39668.96,38107.29,38408.86,3416186356.36
38408.86,39531.55,37165.41,38028.38,5344728510.48
38028.38,39353.52,37882.94,38737.76,4721150588.18
38737.76,42561.73,38658.46,41947.74,6016501063.18
41947.74,42031.39,38677.86,39424.07,6112798056.82
39424.07,40212.51,38242.97,38735.47,5099872513.75
38735.47,39408.78,38682.06,38808.78,2184685420.23
38808.78,39289.5,37597.88,37786.22,2673964111.1
37786.22,39768.82,37581.47,39673.12,3756918931.09
39673.12,39847.7,38193.02,39308.63,3756744297.4
39308.63,41512.49,38929.13,41113.43,6776742099.82
41113.43,41435.31,40579.18,40918.21,3278700749.98
40918.21,42292.23,40221.54,41760.04,3518519802.7
41760.04,42351.96,41530.62,42200.15,2521106778.32
42200.15,42278.31,40927.79,41252.55,2638068759.72
41252.55,41514.5,40555.3,41035.21,3514794516.92
41035.21,43257.67,40889.36,42361.0,5303947109.31
42361.0,42972.89,41785.82,42899.21,3941492110.6
42899.21,44203.09,42622.98,43986.2,5137566737.62
43986.2,45073.08,43609.64,44299.09,5030422696.73
44299.09,44782.16,44083.66,44499.85,2175905259.05
44499.85,46890.15,44432.8,46834.74,4126898764.65
46834.74,48169.6,46672.05,47105.67,6057589107.15
47105.67,48075.2,47024.26,47434.03,4988579350.77
47434.03,47685.72,46596.52,47056.18,4643501630.43
47056.18,47583.11,45225.31,45510.6,4346533520.25
45510.6,46698.05,44264.02,46276.55,5632784674.67
46276.55,47138.0,45639.6,45804.71,5019556836.38
45804.71,47377.58,45548.21,46407.86,4244238635.65
46407.86,46880.13,45129.88,46592.13,5571433257.42
46592.13,47177.09,45401.21,45496.99,4941089434.21
45496.99,45503.48,43129.65,43174.63,7001389417.93
43174.63,43883.94,42763.94,43452.24,4557723969.67
43452.24,43959.46,42119.51,42272.33,5086080376.83
42272.33,42791.77,42128.05,42746.31,2408790595.84
42746.31,43399.59,41896.6,42137.9,2759323479.61
42137.9,42407.91,39222.72,39512.06,6618037593.96
39512.06,40633.64,39269.95,40075.42,6070046279.9
40075.42,41529.3,39591.39,41141.03,4757671236.21
41141.03,41485.88,39576.59,39940.21,3695645860.56
39940.21,40752.71,39778.41,40551.47,2784621109.66
40551.47,40681.0,40017.46,40379.39,1865478319.46
40379.39,40580.49,39563.09,39678.87,2173369623.66
39678.87,41080.02,38576.75,40794.97,5228765235.99
40794.97,41728.11,40579.33,41490.7,3550853095.4
41490.7,42183.39,40904.36,41357.39,4228051341.24
41357.39,42965.69,39866.0,40477.34,5747886390.72
40477.34,40785.81,39201.69,39708.59,4497179520.12
39708.59,39964.36,39302.61,39437.46,1888336957.5
39437.46,39930.1,39032.58,39450.61,2509506137.41
39450.61,40560.01,38225.32,40425.22,6131317840.57
40425.22,40767.62,37758.63,38112.91,6026099166.38
38112.91,39449.84,37890.75,39231.27,4992342213.52
39231.27,40350.0,38892.37,39748.0,5135341317.94
39748.0,39914.86,38180.54,38584.86,4358792845.05
38584.86,38770.31,37606.65,37650.08,2852050381.38
37650.08,38656.84,37424.82,38473.15,3419577282.57
38473.15,39132.65,38066.4,38520.66,4860790295.7
38520.66,38644.94,37523.85,37723.83,3568690111.57
37723.83,40002.6,37667.37,39689.13,5623574520.77
39689.13,39832.72,35618.96,36550.56,7463620438.48
36550.56,36656.29,35329.26,36010.28,6271414305.39
36010.28,36135.56,34840.98,35475.19,2998135456.32
35475.19,35507.0,33748.63,34036.89,6208222321.21
34036.89,34224.16,30062.45,30096.15,12838202756.92
30096.15,32631.29,29768.35,31011.43,11001881545.63
31011.43,32111.38,27851.45,29101.63,12759025915.37
29101.63,30199.59,26776.79,29019.1,11677959873.8
29019.1,31025.1,28759.45,29288.66,6243771759.48
29288.66,30301.96,28648.91,30087.47,3460563837.06
30087.47,31435.37,29511.38,31317.35,3403058896.75
31317.35,31330.1,29114.2,29868.68,4621376980.6
29868.68,30770.17,29460.41,30445.01,4033722234.75
30445.01,30705.86,28655.53,28711.85,4446056843.72
28711.85,30530.24,28692.08,30316.22,4639745185.55
30316.22,30758.94,28742.26,29202.35,4372138442.6
29202.35,29647.78,28967.99,29449.66,1861108732.96
29449.66,30480.73,29276.69,30294.16,2613888109.06
30294.16,30659.71,28892.45,29111.29,4565476441.56
29111.29,29827.05,28682.69,29649.86,4005359000.77
29649.86,30216.01,29338.11,29544.22,4302447601.28
29544.22,29880.16,28072.57,29210.31,5871802268.22
29210.31,29386.02,28289.91,28614.82,6113268514.89
28614.82,29223.62,28513.74,29031.17,2370608249.1
29031.17,29566.62,28842.07,29466.84,1992169185.29
29466.84,32157.08,29308.18,31730.26,6528678367.47
31730.26,32363.72,31251.48,31794.27,5053624732.6
31794.27,31972.07,29382.09,29802.38,6751393477.01
29802.38,30662.99,29601.6,30453.55,4463063844.51
30453.55,30690.43,29304.25,29704.34,3876575987.23
29704.34,29966.46,29487.14,29864.56,1928169528.55
29864.56,30167.53,29561.28,29917.49,2009690099.73
29917.49,31754.93,29893.02,31371.59,5305590147.37
31371.59,31569.89,29231.55,31120.98,7062314309.26
31120.98,31315.59,29871.03,30204.06,5056513401.64
30204.06,30684.51,29956.7,30107.1,3277001301.72
30107.1,30352.1,28877.35,29089.39,4835497334.95
29089.39,29434.64,28136.08,28415.24,4294922231.7
28415.24,28539.36,26573.13,26587.48,5676824065.27
26587.48,26878.42,21982.78,22490.89,12501619177.39
22490.89,23291.94,20860.12,22152.86,9148864125.02
22152.86,22775.63,20118.16,22579.41,9528068050.66
22579.41,22958.66,20235.45,20399.97,5459876624.8
20399.97,21348.15,20251.79,20465.04,4727970600.53
20465.04,20776.75,17639.53,18974.13,7936491689.31
18974.13,20802.64,17980.78,20581.2,6334999502.12
20581.2,21064.03,19639.12,20576.35,5062116762.61
20576.35,21706.02,20367.11,20725.63,4972546110.81
20725.63,20890.83,19788.77,19980.47,5220265533.89
19980.47,21213.15,19895.55,21104.77,4193719778.83
21104.77,21539.61,20749.17,21233.75,4089066746.51
21233.75,21594.4,20914.23,21493.79,3138018172.11
21493.79,21865.88,20991.62,21042.23,3090944255.65
21042.23,21509.72,20558.23,20738.08,3668597502.32
20738.08,21206.13,20214.06,20280.01,3916133681.29
20280.01,20422.23,19871.4,20113.31,4399171466.89
20113.31,20163.86,18658.06,19923.95,4497362290.66
19923.95,20825.17,18986.84,19279.45,5228269488.69
19279.45,19447.37,19002.23,19249.14,2347845499.99
19249.14,19637.95,18814.85,19315.44,2297187935.36
19315.44,20338.44,19058.64,20230.0,3182257567.5
20230.0,20734.75,19312.33,20177.86,4040897576.9
20177.86,20664.41,19773.07,20562.9,3430109565.28
20562.9,21827.42,20268.52,21620.82,3378425843.89
21620.82,22430.35,21196.08,21617.89,11794592435.9
21617.89,21960.58,21328.25,21588.38,6590607140.62
21588.38,21601.05,20669.24,20861.04,5883522907.99
20861.04,20866.54,19883.89,19969.36,4016745135.62
19969.36,20057.15,19263.57,19333.17,4995086958.41
19333.17,20326.26,18947.33,20246.12,7320692266.18
20246.12,20885.99,19628.69,20590.82,6692494063.94
20590.82,21190.64,20386.25,20833.51,5923201971.57
20833.51,21574.75,20485.51,21200.24,5253651267.26
21200.24,21669.15,20757.94,20790.21,5134415197.52
20790.21,22759.04,20772.32,22463.61,9099942610.33
22463.61,23781.46,21608.59,23397.66,10574154706.32
23397.66,24265.95,22936.13,23217.64,9020739524.24
23217.64,23423.55,22345.74,23151.9,6804472705.28
23151.9,23750.8,22504.54,22683.95,6464608185.07
22683.95,22997.29,21944.31,22452.53,4827163825.42
22452.53,23004.95,22266.42,22581.96,4745847142.2
22581.96,22664.19,21261.86,21312.9,8557853819.64
21312.9,21339.49,20722.54,21252.45,6440717500.46
21252.45,23037.42,21045.5,22953.06,7458198064.88
22953.06,24191.29,22594.18,23846.88,9929629941.85
23846.88,24416.96,23441.69,23773.45,7990483777.12
23773.45,24642.01,23508.6,23644.76,6088804430.31
23644.76,24191.52,23232.25,23297.91,4826888638.47
23297.91,23501.45,22529.03,23238.76,9104585679.38
23238.76,23400.75,22605.19,22947.4,28977960047.89
22947.4,24313.26,22675.24,22834.74,18288620013.56
22834.74,23225.79,22417.22,22623.01,5672785507.94
22623.01,23466.4,22593.08,23311.2,6839651642.7
23311.2,23350.25,22915.66,22951.84,2850119535.2
22951.84,23398.55,22852.31,23173.4,2879141053.37
23173.4,24235.44,23155.64,23812.74,6516258205.68
23812.74,23922.64,22872.36,23149.0,4849377190.34
23149.0,24192.34,22680.29,23953.07,7536005883.76
23953.07,24887.84,23854.55,23933.82,9483340286.3
23933.82,24451.13,23609.09,24408.07,6154259332.86
24408.07,24885.01,24295.62,24441.2,5137100802.42
24441.2,25035.76,24150.35,24305.34,5095566872.76
24305.34,25202.55,23777.21,24096.42,8596943431.14
24096.42,24244.61,23677.85,23854.48,6353919741.29
23854.48,24440.49,23184.04,23339.0,7158666632.66
23339.0,23593.42,23122.61,23201.87,4710015322.07
23201.87,23206.49,20788.6,20834.67,8646441203.59
20834.67,21362.53,20766.03,21138.98,5578521490.9
21138.98,21766.76,21073.24,21515.34,4610052906.1
21515.34,21525.05,20904.23,21412.08,6722981012.63
21412.08,21672.03,20896.17,21526.01,6115511937.6
21526.01,21890.19,21156.54,21368.75,5460479061.3
21368.75,21814.71,21313.41,21563.64,5271085023.36
21563.64,21861.33,20118.98,20241.95,8306855545.11
20241.95,20380.3,19829.36,20037.73,5353883585.37
20037.73,20158.52,19532.25,19559.37,4398439204.48
19559.37,20421.02,19553.97,20290.43,6324029744.96
20290.43,20568.85,19559.67,19809.44,7518174012.79
19809.44,20473.55,19808.98,20047.6,7483394101.66
20047.6,20206.23,19582.43,20131.71,6600136039.58
20131.71,20437.73,19757.26,19952.14,6429492578.08
19952.14,20053.49,19654.7,19832.5,4778208429.23
19832.5,20027.54,19589.78,20003.0,4545264579.67
20003.0,20053.18,19636.23,19794.78,5881038595.11
19794.78,20176.25,18672.7,18790.75,9378029421.34
18790.75,19458.9,18525.86,19284.26,7346298958.51
19284.26,19449.58,19016.69,19319.21,6801500344.56
19319.21,21584.97,19292.77,21360.21,11587955342.8
21360.21,21799.92,21115.47,21647.54,8218060900.6
21647.54,21849.56,21361.19,21825.81,7838178280.71
21825.81,22477.09,21544.35,22397.49,11326648308.56
22397.49,22779.75,19895.67,20175.69,11805144084.32
20175.69,20532.54,19619.04,20224.94,9415516639.4
20224.94,20327.09,19522.66,19699.73,9141380667.66
19699.73,19886.32,19342.29,19805.88,7629153715.35
19805.88,20184.38,19750.12,20113.35,5521800179.29
20113.35,20117.1,19340.52,19417.63,7218127166.75
19417.63,19679.69,18278.92,19536.58,10084949308.83
19536.58,19633.0,18722.65,18874.91,8088152173.73
18874.91,19876.42,18148.06,18462.49,9852745406.93
18462.49,19535.13,18360.36,19399.86,10004097781.66
19399.86,19492.31,18539.98,19291.69,9814794524.84
19291.69,19313.79,18818.12,18923.79,6305420857.92
18923.79,19173.07,18637.51,18808.91,5184802678.91
18808.91,19311.23,18692.28,19223.83,11044258169.01
19223.83,20369.78,18829.11,19103.12,15445721127.53
19103.12,19784.71,18479.83,19413.16,12891866093.37
19413.16,19634.9,18849.91,19590.58,10379064196.26
19590.58,20180.45,19175.88,19423.94,11289063813.58
19423.94,19481.53,19173.33,19311.58,4605022933.56
19311.58,19394.67,18925.77,19052.19,5444924364.53
19052.19,19708.24,18968.92,19626.49,7792365578.8
19626.49,20457.43,19495.79,20338.38,9394349671.12
20338.38,20358.66,19740.91,20157.69,8571967589.0
20157.69,20451.98,19862.74,19956.37,8987879923.9
19956.37,20058.4,19332.71,19530.74,6578388882.62
19530.74,19621.5,19258.0,19416.52,3382988501.05
19416.52,19552.94,19320.51,19440.65,3740878056.61
19440.65,19521.63,19033.73,19134.42,6264243780.27
19134.42,19266.12,18868.88,19059.8,6933500339.34
19059.8,19230.49,18983.13,19154.88,5984444685.22
19154.88,19506.48,18245.71,19378.72,10291028527.63
19378.72,19946.51,19079.96,19179.04,9841143534.28
19179.04,19225.32,18985.42,19065.8,3626838143.74
19065.8,19423.89,19064.48,19263.27,4042149568.63
19263.27,19667.77,19156.51,19548.83,6697685025.77
19548.83,19697.84,19097.52,19329.32,7551329421.21
19329.32,19356.24,19082.36,19123.37,5569090649.01
19123.37,19337.74,18919.12,19042.88,6277434181.19
19042.88,19247.47,18694.9,19163.25,6960315485.42
19163.25,19254.55,19114.09,19204.54,3029804944.65
19204.54,19689.14,19084.89,19569.76,4484308299.0
19569.76,19592.54,19166.86,19330.16,6837188605.68
19330.16,20401.73,19240.39,20080.4,8645215757.87
20080.4,21003.61,20057.1,20763.38,11088871553.2
20763.38,20869.18,20213.3,20294.0,9483791984.02
20294.0,20744.95,20022.37,20594.36,8405827457.03
20594.36,21069.54,20557.12,20809.69,7898690272.77
20809.69,20930.07,20517.2,20627.01,6138044360.09
20627.01,20833.95,20245.99,20491.46,8526592094.76
20491.46,20691.68,20336.59,20480.3,7745892470.09
20480.3,20792.95,20061.49,20150.77,9131800298.03
20150.77,20389.28,20035.14,20207.07,7844241568.57
20207.07,21281.28,20182.0,21148.69,11891269161.14
21148.69,21475.0,21084.12,21299.22,6985585934.12
21299.22,21361.95,20891.13,20908.87,6496141280.03
20908.87,21067.62,20394.24,20588.56,10142965865.34
20588.56,20676.56,17396.89,18569.94,17746959456.88
18569.94,18588.03,15601.51,15915.02,16742522969.7
15915.02,18164.59,15763.38,17602.86,13453375037.81
17602.86,17690.15,16430.88,17060.62,9301623582.88
17060.62,17119.44,16647.11,16801.1,4097751537.07
16801.1,16950.01,16239.4,16334.15,3505312820.57
16334.15,17183.73,15820.63,16618.98,7153901476.11
16618.98,17128.45,16530.78,16898.94,5607901303.89
16898.94,17009.08,16383.98,16667.95,5149780999.61
16667.95,16747.42,16414.26,16696.12,4253373513.59
16696.12,17007.0,16548.17,16699.58,4125779348.8
16699.58,16820.19,16556.31,16702.31,2034732932.17
16702.31,16751.9,16185.11,16282.55,2904767907.8
16282.55,16309.28,15483.76,15779.19,6060855907.19
15779.19,16308.22,15618.44,16222.67,4571572730.92
16222.67,16698.93,16161.87,16606.27,5057824671.18
16606.27,16810.29,16463.18,16599.37,4037979019.31
16599.37,16652.37,16346.11,16522.5,3492117245.99
16522.5,16698.5,16387.07,16457.24,3430845038.61
16457.24,16599.31,16403.75,16428.58,3015693574.4
16428.58,16486.22,15997.78,16213.25,4724878746.18
16213.25,16545.47,16100.45,16442.84,4642731439.99
16442.84,17236.26,16428.47,17164.26,6064379417.86
17164.26,17308.57,16858.97,16969.74,4665594086.79
16969.74,17104.2,16798.79,17090.83,4048686701.02
17090.83,17178.1,16860.73,16885.11,3018527532.51
16885.11,17195.59,16878.61,17106.45,3504932379.51
17106.45,17415.94,16871.73,16966.47,4893686594.28
16966.47,17104.4,16912.74,17088.11,4511791216.98
17088.11,17138.04,16688.79,16837.41,4205871587.87
16837.41,17295.76,16736.81,17224.94,4513738448.68
17224.94,17353.49,17065.84,17129.3,4508597516.64
17129.3,17226.99,17093.94,17128.71,2665484332.72
17128.71,17268.6,17072.55,17091.84,2957557800.33
17091.84,17239.67,16873.66,17208.86,4333756284.94
17208.86,17974.63,17080.97,17777.69,5869619310.56
17777.69,18377.21,17666.09,17803.88,5858377958.71
17803.88,17852.69,17280.4,17358.27,4628778689.84
17358.27,17528.75,16532.29,16628.34,5258340755.67
16628.34,16795.34,16582.86,16777.53,2913136769.07
16777.53,16857.85,16663.66,16740.44,2099844330.11
16740.44,16814.92,16273.43,16442.06,3530843800.53
16442.06,17057.0,16398.67,16895.38,4922503316.13
16895.38,16923.87,16729.14,16821.27,3030592488.81
16821.27,16867.25,16561.74,16821.04,3401222707.75
16821.04,16934.99,16741.81,16779.14,3141497902.66
16779.14,16866.41,16777.39,16836.36,1931245363.65
16836.36,16856.65,16724.0,16830.94,2381611801.98
16830.94,16942.59,16792.3,16916.52,2345774560.15
16916.52,16971.14,16595.46,16705.17,3349719286.89
16705.17,16783.44,16467.18,16547.02,3696539234.59
16547.02,16662.86,16490.01,16639.28,3118327422.63
16639.28,16668.8,16341.06,16608.35,3142057951.4
16608.35,16643.14,16472.79,16542.13,2156044244.91
16542.13,16627.44,16499.59,16617.01,1769584999.69
16617.01,16792.16,16549.19,16673.45,2422891486.81
16673.45,16776.82,16606.46,16674.77,3011416340.23
16674.77,16990.52,16653.54,16850.95,4113628918.33
16850.95,16878.99,16755.43,16830.31,3013269621.56
16830.31,17037.94,16685.46,16950.72,3852552683.13
16950.72,16981.56,16908.35,16943.6,1906540657.53
16943.6,17172.01,16911.15,17127.76,2500851744.12
17127.76,17397.83,17105.28,17180.26,5176685683.8
17180.26,17497.24,17147.13,17439.95,4273684109.84
17439.95,17991.16,17316.64,17935.28,5063976279.11
17935.28,19110.32,17908.53,18845.28,9678995613.42
18845.28,19996.03,18716.84,19923.76,7976021134.96
19923.76,21181.82,19889.32,20947.16,9924793230.37
20947.16,21047.9,20558.11,20878.19,4497028540.14
20878.19,21464.56,20629.12,21186.31,7197328675.98
21186.31,21629.33,20854.55,21135.08,6755173262.17
21135.08,21639.65,20427.36,20678.88,8571786936.37
20678.88,21189.96,20662.02,21072.07,5835673928.31
21072.07,22751.17,20864.96,22666.52,8040242219.31
22666.52,23359.36,22429.43,22783.22,8988657860.61
22783.22,23076.33,22302.66,22708.92,6523534513.49
22708.92,23175.3,22526.55,22916.84,7480803244.47
22916.84,23161.31,22472.41,22629.91,7443343503.83
22629.91,23771.67,22308.81,23055.96,8765974861.86
23055.96,23280.64,22855.06,23008.34,7253709291.51
23008.34,23497.84,22546.3,23074.1,7179312472.46
23074.1,23187.26,22880.67,23022.06,3728420947.51
23022.06,23959.31,22968.49,23745.43,7641496843.16
23745.43,23799.6,22516.9,22831.87,7772481250.37
22831.87,23312.54,22716.78,23126.7,6553116299.37
23126.7,23809.34,22789.89,23717.01,7773336300.05
23717.01,24249.6,23375.42,23450.79,9476089586.16
23450.79,23711.83,23208.22,23431.02,8368578358.49
23431.02,23585.64,23255.45,23328.47,4133034975.52
23328.47,23432.07,22751.78,22929.79,5227165937.35
22929.79,23154.57,22634.73,22760.09,6565158413.91
22760.09,23339.68,22746.19,23254.43,7574564114.23
23254.43,23447.13,22669.18,22962.57,6907504193.3
22962.57,23010.27,21692.28,21793.48,9901823510.4
21793.48,21937.44,21456.83,21626.81,7909106469.33
21626.81,21905.43,21600.87,21861.87,4061932218.84
21861.87,22089.32,21634.87,21783.14,4789996802.73
21783.14,21893.74,21358.67,21771.03,6989583230.48
21771.03,22286.78,21551.19,22202.05,8152027199.79
22202.05,24367.61,22048.09,24328.48,9584253862.83
24328.48,25183.0,23507.74,23522.43,12202278692.18
23522.43,25006.92,23342.39,24573.96,13142292685.93
24573.96,24868.04,24438.1,24631.99,5811709880.44
24631.99,25183.2,24202.36,24279.51,8127818189.48
24279.51,25094.22,23844.96,24842.85,9356725032.2
24842.85,25241.4,24153.96,24443.55,10025322468.87
24443.55,24475.28,23577.15,24182.66,9683728672.39
24182.66,24598.91,23618.01,23938.38,10235224190.31
23938.38,24129.86,22857.56,23186.68,8697510612.79
23186.68,23218.95,22729.42,23158.86,4763827347.9
23158.86,23687.82,23059.98,23557.29,5065259015.86
23557.29,23896.23,23114.42,23494.64,7225363531.27
23494.64,23599.54,23022.05,23132.82,6557632943.5
23132.82,23991.41,23023.88,23638.34,7959324893.45
23638.34,23791.95,23197.11,23463.12,6024688542.63
23463.12,23475.62,22095.08,22353.93,8021304645.25
22353.93,22409.38,22158.17,22347.19,2878294834.53
22347.19,22654.3,22194.34,22430.79,3710601535.92
22430.79,22601.1,22261.64,22410.82,4895599954.55
22410.82,22556.24,21938.31,22198.37,6686073907.54
22198.37,22285.62,21592.67,21704.88,7190734074.92
21704.88,21829.95,20178.6,20369.06,10456506365.94
20369.06,20373.19,19562.09,20159.74,14061481457.42
20159.74,20677.68,19772.28,20459.99,10078254496.85
20459.99,22128.68,20272.52,22011.94,10084029554.74
22011.94,24393.56,21822.24,24110.82,16759591834.1
24110.82,26379.55,23987.32,24674.22,20058283086.23
24674.22,25193.0,23897.87,24283.55,16078561574.81
24283.55,25160.45,24126.08,24999.18,12166583494.39
24999.18,27750.45,24890.94,27392.26,18950401878.8
27392.26,27719.8,26586.62,26908.15,11512489648.51
26908.15,28384.52,26827.79,27970.38,11655412164.96
27970.38,28467.59,27131.0,27722.03,14973982771.27
27722.03,28437.29,27305.09,28107.03,12982153791.89
28107.03,28854.26,26609.63,27250.46,8154110230.66
27250.46,28744.26,27109.4,28293.93,5168599777.96
28293.93,28370.44,27003.03,27453.17,3673486297.08
27453.17,27780.82,27157.64,27464.4,1894799725.31
27464.4,28190.56,27420.16,27969.66,1938002417.17
27969.66,28022.04,26537.4,27125.92,3396734267.19
27125.92,27503.06,26637.1,27262.03,3154738370.23
27262.03,28642.22,27241.78,28348.29,3763914838.28
28348.29,29177.96,27696.3,28029.04,4244609550.01
28029.04,28641.3,27522.47,28467.05,3291611691.88
28467.05,28812.82,28235.13,28453.08,1258751292.99
28453.08,28527.84,27863.44,28171.63,1511497039.68
28171.63,28500.1,27214.92,27802.0,3395840505.06
27802.0,28439.37,27665.65,28165.61,2214736259.77
28165.61,28762.54,27817.82,28170.1,2621795819.6
28170.1,28180.56,27712.68,28033.49,1620187157.38
28033.49,28100.11,27771.62,27906.1,1050689272.26
27906.1,28151.91,27860.21,27938.61,805446885.35
27938.61,28528.27,27801.79,28323.09,1325822086.46
28323.09,29761.27,28174.18,29636.9,3081962154.55
29636.9,30538.11,29589.86,30200.61,3221295694.51
30200.61,30480.19,29651.19,29887.07,2846527000.84
29887.07,30581.69,29857.81,30374.72,2318014158.4
30374.72,31000.27,29973.72,30466.2,3363555972.34
30466.2,30592.99,30204.39,30295.33,1109204049.81
30295.33,30544.09,30121.62,30306.82,1217756311.29
30306.82,30312.68,29243.97,29430.51,2381256282.9
29430.51,30480.45,29108.01,30380.16,2660165896.37
30380.16,30408.97,28580.68,28801.4,3800012008.83
